Sana,Tavsif,Kategoriya,Summa,Izoh
2024-01-22|Marketing|???|747383|
2024-01-22,Soliqlar,chiqim,277764,
2024-01-22,Shtraf,expense,4552214,
2024-01-22;Yangi parta;179 721
2024-01-22|Marketing|Unknown|1437399|
2024-01-22;Soliqlar;chiqim;4752975;
2024-01-22|Kantselyariya|tushum|1940739|???
2024-01-23,Havo sovutgich,Soliq,3776176,
2024-01-25,Suv,kirim,4966239,
2024-01-25|Marketing|unknown|UZS 2180786|???
2024-01-25,Kofebreyk,rasxod,4807977,
2024.1.26|Internet|Soliq|1 919 900|
2024.1.26	Marketing	income	3628847	???
2024.1.26	Oylik to'lov	income	2050968	
2024.1.26,Bonus,Ijara,~3543965,???
2024-01-27,Internet,Oylik,3903030,
2024-01-27;Oylik to'lov;tushum;1942073;
2024-01-27,Elektr,rasxod,3660325,???
2024-01-27|Marketing|chiqim|4874556|
2024-01-27,Shtraf,Unknown,UZS 453606,
2024-01-28;Reklama (FB);chiqim;3657308;
2024-01-28,Soliqlar,expense,4360301,
2024-01-28,Soliqlar,Soliq,4721892,
2024-01-28,Y@ngi parta,Unknown,4339674,
2024.1.29;Kantselyariya;tushum;4040364;
2024.1.29,Kantselyariya,Soliq,4297346,
2024.1.29,Suv,Soliq,1336838,???
2024.1.29;K@ntselyariya;rasxod;3656591;???
2024.1.29;Rekl@ma (FB);Unknown;4206284;
2024.1.29;Kantselyariya;income;3361639;???
2024.1.29,Oylik to'lov,kirim,1163714,???
2024-01-30,Suv,rasxod,3.5 mln,???
2024-01-30,Shtraf,expense,4443374,
2024-01-30	Bonus	tushum	2483975	???
2024-01-30,Ta'mirlash,Unknown,3112447,
2024-01-30,Suv,income,UZS 835230,
2024-01-30|Kantselyariya|chiqim|1384104|Izoh|XatoUstun
31/1/2024	Reklama (FB)	chiqim	2978157	
31/1/2024;Bino ijarasi;rasxod;4670337;
31/1/2024	Marketing	Oylik	3546896	???
31/1/2024,O'qituvchi 0yligi,rasxod,1106459,???
31/1/2024	O'qituvchi 0yligi	Soliq	1096890	
1/2/2024,Oylik t0'lov,tushum,1.2 mln,
1/2/2024	Kantselyariya	???	1357087	???
1/2/2024,Yangi parta,Soliq,1795058,
1/2/2024	Oylik to'lov	chiqim	546126	???
2-Feb-2024,O'qituvchi oyligi,income,2407274,???
2-Feb-2024,Yangi parta,chiqim,2046630,???
2-Feb-2024,Bino ijarasi,Oylik,1007292,???
2-Feb-2024,Kantselyariya,rasxod,4055037,
2-Feb-2024;Bino ijarasi;Soliq;4685607;
2-Feb-2024,Internet,chiqim,UZS 1382307,
2-Feb-2024;Mebel;tushum;3655491;???
2024-02-03	Soliqlar	tushum	UZS 978795	
2024-02-03,Reklama (FB),tushum,3882791,
2024-02-03	Reklama (FB)	tushum	752508	
4/2/2024	Ta'mirlash	Oylik	1799972	
2024.2.5,Kantselyariya,???,4992582,
2024.2.5|Rekl@ma (FB)|expense|4800010|???
2024.2.5	Suv	tushum	4375980	???
2024.2.5;Reklama (FB);3326600
2024.2.5	O'qituvchi oyligi	income	742231	
2024.2.5,Kantselyariya,rasxod,2.3 mln,
2024.2.5,Suv,Oylik,655 260,
6/2/2024	Suv	Ijara	442732	
6/2/2024	Ta'mirlash	rasxod	UZS 792576	???
6/2/2024|Suv|Unknown|4015140|
2024-02-07,Marketing,Soliq,4161208,
2024-02-07;O'qituvchi oyligi;???;4.3 mln;
2024-02-08,Bonus,???,300302,
2024-02-08	Marketing	Ijara	4372036	
2024.2.9;Suv;Unknown;695253;
2024.2.9	Oylik to'lov	Unknown	~4314301	
2024.2.9,O'qituvchi oyligi,expense,763905,???
2024.2.9,Soliqlar,ijara,1246481,
2024.2.9|O'qituvchi oyligi|rasxod|2977344|
2024.2.10,Yangi parta,Ijara,560429,
2024.2.10|Kofebreyk|expense|1003699|
2024.2.10;Soliqlar;rasxod;2642032;
2024.2.10,Suv,Soliq,4390605,???
2024.2.10,Kantselyariya,Unknown,1049839,
2024.2.10|Havo sovutgich|rasxod|483061|
2024-02-11,Y@ngi parta,chiqim,1407994,
2024-02-11,Havo sovutgich,Soliq,2911324,
2024-02-11,Reklama (FB),Soliq,2988409,
2024-02-11,Kofebreyk,kirim,1471604,
2024-02-11,Yangi parta,kirim,1440009,
2024.2.12|Marketing|???|UZS 1036900|???
2024.2.12,Internet,???,3817838,
2024.2.12;Reklama (FB);tushum;2624699;???
2024.2.12;Havo sovutgich;income;4307593;Izoh;XatoUstun
2024.2.12,Kantselyariya,Oylik,2323824,
2024.2.12,Havo sovutgich,Unknown,5002696,
2024-02-13|Suv|???|135050|
2024-02-13,Bonus,Unknown,794503,???
2024-02-13,O'qituvchi oyligi,chiqim,4643579,
14-Feb-2024|Internet|???|936707|
14-Feb-2024,Bonus,tushum,1272446,Izoh,XatoUstun
14-Feb-2024	Bino ijarasi	chiqim	2168392	???
14-Feb-2024;O'qituvchi oyligi;tushum;UZS 3083076;
14-Feb-2024,Internet,Ijara,4375561,???
2024-02-16,Suv,tushum,1186088,???
2024-02-16|Bino ijarasi|kirim|2199144|
2024-02-16,Oylik t0'lov,income,3 137 361,
2024-02-16,Suv,Ijara,455251,
2024-02-16,Mebel,Soliq,3413330,
2024-02-16	Mebel	chiqim	3554487	
2024-02-16;Yangi parta;tushum;4147960;
2024-02-17|Mebel|Ijara|2288093|
2024-02-17,Reklama (FB),???,~1692238,???
2024-02-17	Internet	Unknown	4632558	
2024-02-17,Reklama (FB),Soliq,1663504,
18/2/2024,Ta'mirlash,rasxod,4755444,???
2024.2.19|Yangi parta|Unknown|3178589|
2024.2.19,Bino ijarasi,???,3287862,???
2024.2.19	Yangi parta	tushum	4196407	
2024-02-20,O'qituvchi oyligi,rasxod,3323226,
2024-02-20;Kantselyariya;Soliq;966342;
2024-02-20,O'qituvchi oyligi,kirim,351712,
2024-02-20,Bonus,Ijara,3704890,
2024-02-21,Kofebreyk,Ijara,4110034,???
NOT_A_DATE,ERROR,CRASH,0,System failure message inserted here
2024-02-22,Shtraf,tushum,1815432,Izoh,XatoUstun
23-Feb-2024	Bonus	tushum	1754124	
23-Feb-2024,Y@ngi parta,???,4668607,
23-Feb-2024,Ta'mirlash,Soliq,4742919,???
23-Feb-2024;Ta'mirlash;Unknown;0.1 mln;
23-Feb-2024|Reklama (FB)|tushum|86100|
23-Feb-2024|Kofebreyk|kirim|3790407|???
2024-02-24;Bonus;chiqim;2066654;
2024-02-24,Internet,Oylik,1975837,
2024-02-24;Rekl@ma (FB);expense;2478640;
2024-02-24,Oylik to'lov,income,1.2 mln,
2024-02-24,Ta'mirlash,expense,3133943,
2024-02-24,Suv,???,228387,???
2024-02-24,Mebel,Unknown,4259658,
2024.2.25|Ta'mirlash|Ijara|4945049|
2024.2.25;Bino ijarasi;tushum;UZS 3317646;???
2024.2.25|Oylik to'lov|expense|770 136|
2024.2.25	Bino ijarasi	Ijara	2464434	
2024.2.25,Havo sovutgich,expense,2661228,
2024-02-28,Reklama (FB),tushum,803209,
2024-02-28,Suv,tushum,3241616,
2024-02-28	Bino ijarasi	chiqim	UZS 3503112	
2024-02-28,Internet,tushum,4022180,???
2024-02-28|Kantselyariya|Unknown|4717741|
29/2/2024,Soliqlar,???,2610729,
29/2/2024,Suv,kirim,4630567,???
29/2/2024	Kantselyariya	tushum	4800602	
29/2/2024;Bonus;Unknown;370635;
29/2/2024,Suv,Oylik,2265961,
29/2/2024,Bino ijarasi,???,3801192,
2/9/2024,Mebel,expense,1375200,???
1/3/2024,K0febreyk,tushum,613796,Izoh,XatoUstun
1/3/2024|Kantselyariya|???|4654886|
1/3/2024,Mebel,expense,2494975,
1/3/2024|Rekl@ma (FB)|Oylik|2316393|
2/3/2024,Suv,chiqim,4.5 mln,???
2/3/2024	Suv	rasxod	4185117	
2/3/2024;O'qituvchi oyligi;???;596371;
2024.3.3	Ta'mirlash	soliq	1308482	???
2024.3.3	Marketing	Soliq	1346012	???
2024.3.3,K0febreyk,chiqim,2540540,
2024.3.3,Bonus,???,2.7 mln,
2024.3.3	Oylik to'lov	Oylik	1737413	???
2024.3.3|Reklama (FB)|???|2668111|
2024.3.3,Yangi parta,income,1472397,???
2024-03-04,Bino ijarasi,chiqim,4100726,???
2024-03-04,Yangi parta,income,1536952,
5/3/2024|H@v0 sovutgich|tushum|4999365|
5/3/2024,Suv,income,UZS 2951372,???
5/3/2024,Ta'mirlash,income,578774,
5/3/2024,Kofebreyk,chiqim,~3241517,
5/3/2024,Bino ijarasi,chiqim,3061962,Izoh,XatoUstun
5/3/2024,Havo sovutgich,Oylik,82130,
5/3/2024|Bino ijarasi|Oylik|1469038|
6/3/2024,Internet,kirim,1882286,
6/3/2024	Mebel	???	2554816	???
7-Mar-2024,Kofebreyk,Soliq,1958635,
7-Mar-2024|Ta'mirlash|Soliq|3.2 mln|
7-Mar-2024	Ta'mirlash	kirim	3102822	
7-Mar-2024,Yangi parta,???,3266775,
8-Mar-2024,Suv,expense,3456990,
8-Mar-2024	Internet	expense	1870034	
8-Mar-2024,Yangi parta,???,2 165 528,
8-Mar-2024	Bonus	???	1690136	???
8-Mar-2024|Marketing|Unknown|3220108|???
10-Mar-2024	Ta'mirlash	income	2438532	
10-Mar-2024	Suv	rasxod	2639708	
10-Mar-2024,Oylik to'lov,???,~4496690,
10-Mar-2024	Bonus	kirim	2742969	
10-Mar-2024	M@rketing	expense	524878	
2024-03-11,Shtraf,income,UZS 97823,???
2024-03-11;Soliqlar;Ijara;2577910;???
2024-03-11;Elektr;Soliq;3875191;
12/3/2024;Elektr;unknown;183240;???
12/3/2024,Soliqlar,???,2 630 476,???
12/3/2024,Marketing,tushum,4033164,???
12/3/2024,Mebel,kirim,4334756,
13-Mar-2024	Shtr@f	kirim	4.3 mln	???
13-Mar-2024,Suv,expense,176539,
2024-03-14|Elektr|Unknown|2185688|
2024-03-14,Reklama (FB),rasxod,3624116,
2024-03-14;Elektr;Soliq;3762115;
2024-03-14,Suv,Soliq,1818988,???
15-Mar-2024,Reklama (FB),income,634863,
16/3/2024,Kantselyariya,rasxod,4960537,
16/3/2024	Havo sovutgich	chiqim	2697989	
2024.3.17	Marketing	kirim	2283029	???
2024.3.17|Kantselyariya|tushum|3 853 160|
2024.3.17,Suv,tushum,3547666,
2024.3.17,Oylik to'lov,kirim,1464082,
2024.3.17	Mebel	kirim	3.4 mln	???
2024.3.17;Havo sovutgich;income;UZS 1051957;
18/3/2024,O'qituvchi oyligi,Oylik,77557,
2024.3.19,O'qituvchi oyligi,Ijara,2747128,
20-Mar-2024,M@rketing,income,2966145,???
20-Mar-2024|Elektr|Oylik|4794463|
20-Mar-2024|Bino ijarasi|kirim|UZS 1048444|
20-Mar-2024,Suv,Unknown,4 577 221,
20-Mar-2024,Ta'mirlash,???,3693385,???
2024-03-21	Reklama (FB)	chiqim	UZS 150819	???
2024-03-21|Ta'mirlash|kirim|3220881|???
2024-03-21,Soliqlar,Ijara,2106525,
2024-03-21,Mebel,Oylik,1474153,
2024-03-21,Kantselyariya,Unknown,1.5 mln,
2024-03-21,Oylik t0'lov,Soliq,2339188,
2024-03-21|Soliqlar|Oylik|2455891|
14-Dek-2025,Internet,Oylik,597035,
23/3/2024|Mebel|kirim|87338|
23/3/2024,Marketing,Unknown,853823,
23/3/2024,Kofebreyk,rasxod,2119212,
23/3/2024,Reklama (FB),3359098
23/3/2024,Internet,kirim,4915431,
23/3/2024	Ta'mirlash	income	3.1 mln	
2024.3.24,Shtraf,Unknown,2442852,
2024.3.24,O'qituvchi oyligi,Oylik,4433350,
2024-03-25,Ta'mirlash,kirim,3320706,
2024-03-25,Kantselyariya,Oylik,3256673,
2024-03-25;Yangi parta;Soliq;2281497;
2024-03-25,S0liql@r,???,1117744,???
2024-03-25;Bonus;income;1282244;
26/3/2024,K@ntselyariya,Ijara,1608357,
26/3/2024,Elektr,kirim,2 256 630,???
26/3/2024,Y@ngi parta,rasxod,812149,
26/3/2024,Soliqlar,???,782028,???
26/3/2024;Internet;Ijara;1802106;
2024.3.28,Reklama (FB),Ijara,3826522,???
2024.3.28	Suv	Oylik	512133	
2024.3.28	Bonus	rasxod	2344108	
2024.3.28	Ta'mirlash	income	~3260497	
2024-03-29,Y@ngi parta,Soliq,1964906,???
2024-03-29,Internet,Soliq,935657,
31/3/2024,Internet,kirim,1123872,???
31/3/2024,Internet,Unknown,4422043,???
31/3/2024|Havo sovutgich|Ijara|616303|
31/3/2024|Suv|rasxod|4271920|???
31/3/2024;Soliqlar;kirim;3294308;
31/3/2024|Ta'mirlash|Oylik|327199|
1/4/2024	Suv	chiqim	426842	???
1/4/2024,Oylik to'lov,expense,3611993,
1/4/2024,Kofebreyk,tushum,2921328,???
1/4/2024,M@rketing,income,780446,
1/4/2024,Internet,income,4 861 379,???
2024-04-02;Bino ijarasi;kirim;4907208;
2024-04-02|Suv|kirim|1166167|???
2024-04-02,Kofebreyk,Soliq,4921131,???
2024-04-02;Mebel;tushum;UZS 1621396;
3/4/2024|Yangi parta|kirim|859963|
5/5/2025,Shtraf,???,2 100 410,
3/4/2024;Elektr;chiqim;3368799;
3/4/2024;Kofebreyk;expense;3178974;
2024-04-04,Shtraf,Unknown,2453156,
2024-04-04,B0nus,Soliq,1 485 744,???
5-Apr-2024,Mebel,Ijara,3155004,
2024-04-06,Ta'mirlash,???,1142831,
2024-04-06|Reklama (FB)|chiqim|728435|
2024-04-06,Yangi parta,Soliq,4899848,
2024-04-06	Shtraf	tushum	2818651	???
2024.4.7,O'qituvchi 0yligi,chiqim,3143084,
2024.4.7	Kofebreyk	Ijara	1284292	
2024.4.7|Oylik to'lov|tushum|3100690|
2024.4.7	Bonus	Unknown	~199970	
2024.4.7|Kantselyariya|expense|1601284|
2024.4.7;Shtraf;Ijara;3126531;
2024.4.7;K@ntselyariya;rasxod;4414756;
2024-04-08;Suv;rasxod;2 873 395;
2024-04-08,Kofebreyk,tushum,1395873,???
2024-04-08,T@'mirlash,oylik,4630191,
2024-04-08,Ta'mirlash,Oylik,3609877,
2024-04-08,Marketing,Unknown,1314666,???
2024-04-08,Havo sovutgich,Oylik,1428645,
2024-04-08,Soliqlar,income,3936167,???
2024.4.9,Oylik to'lov,ijara,4765373,
2024.4.9|Marketing|Oylik|3889736|???
10/4/2024	Ta'mirlash	Oylik	3181975	???
10/4/2024,O'qituvchi oyligi,kirim,526163,
10/4/2024,Reklama (FB),Unknown,4205810,
10/4/2024;Havo sovutgich;chiqim;4785253;
10/4/2024,T@'mirlash,expense,2 112 524,
10/4/2024|B0nus|tushum|2973276|
11-Apr-2024|Suv|kirim|2720762|
11-Apr-2024,Bino ijarasi,Oylik,528790,
11-Apr-2024|Elektr|rasxod|1.0 mln|
2024.12.16,Shtraf,Oylik,2.4 mln,Izoh,XatoUstun
11-Apr-2024,Bino ijarasi,kirim,3704975,
NOT_A_DATE,ERROR,CRASH,0,System failure message inserted here
2024-04-12	Kofebreyk	chiqim	1201866	
2024-04-12|Ta'mirlash|chiqim|1802732|
2024-04-14|Elektr|chiqim|4178280|
2024-04-14	Elektr	rasxod	~3233291	
15-Apr-2024,Elektr,chiqim,76180,
16-Apr-2024,Bonus,Soliq,~521897,
2024.4.17,Havo sovutgich,expense,4396456,
2024.4.17,Elektr,Ijara,3860135,
2024.4.17,Elektr,oylik,3067307,???
2024.4.17|Elektr|expense|128245|
2024.4.17	Reklama (FB)	rasxod	2801294	
18/4/2024,Shtraf,Unknown,1731036,???
18/4/2024,O'qituvchi oyligi,Unknown,1811644,
18/4/2024,Kantselyariya,Unknown,1178846,
18/4/2024,Bonus,rasxod,UZS 4670896,
2024.4.19,Shtraf,ijara,734425,
2024.4.19,Internet,Ijara,2222275,
2024.4.19,O'qituvchi 0yligi,income,4192721,
2024.4.19;Bonus;tushum;1656666;
2024.4.19|Bino ijarasi|income|3465365|
2024.4.19,Mebel,kirim,2 353 336,
2024-04-20,Bonus,???,1812545,
21-Apr-2024,Internet,Unknown,4083048,
21-Apr-2024,Bino ijarasi,Ijara,3655530,
21-Apr-2024,Suv,tushum,410951,
30-Dek-2025,Shtraf,rasxod,4532264,
2024-04-22|Internet|expense|3636285|Izoh|XatoUstun
2024-04-22|Kofebreyk|???|2819336|???
23/4/2024,Elektr,expense,4919580,
23/4/2024,Internet,kirim,1446892,
23/4/2024,Marketing,expense,1319737,
23/4/2024;Marketing;Oylik;790188;???
23/4/2024,Bino ijarasi,expense,3626809,???
2024-04-24,Bino ijarasi,chiqim,884319,
2024-04-24,Marketing,income,2090252,
2024-04-24,K0febreyk,chiqim,4 988 971,
2024-04-24	Elektr	Unknown	261032	???
2024-04-24	Marketing	rasxod	2918189	
25-Apr-2024,O'qituvchi oyligi,ijara,3474828,
25-Apr-2024,Suv,Soliq,2306890,
25-Apr-2024;Internet;Ijara;4353477;
25-Apr-2024	Mebel	1827006
25-Apr-2024;Kantselyariya;chiqim;776083;???
25-Apr-2024	Shtraf	Ijara	2979794	Izoh	XatoUstun
2024-04-26|Havo sovutgich|unknown|3.9 mln|
2024-04-26|Marketing|Ijara|2.1 mln|???
2024-04-26	Marketing	tushum	1215383	
2024-04-26;Internet;kirim;4436228;???
2024-04-26,Bino ijarasi,oylik,2591609,
2024-04-26,Bonus,Oylik,3489123,
2024-04-26,Mebel,chiqim,4102262,???
28/4/2024,S0liql@r,Oylik,4.8 mln,???
28/4/2024,Shtr@f,Oylik,1839762,
28/4/2024;Mebel;???;4826688;
2024.4.29|O'qituvchi oyligi|rasxod|2 515 612|???
2024-08-27,Shtraf,tushum,~3702218,
2024.4.30,O'qituvchi oyligi,income,526255,
2024.4.30;Elektr;rasxod;2933820;???
2024.4.30,Mebel,expense,3507477,
2024.4.30,Kantselyariya,ijara,3722886,
2024.4.30,Ta'mirlash,Ijara,4087806,???
2024.4.30,Shtraf,tushum,4623242,
2024.5.1;Yangi parta;tushum;5044585;???
2024.5.1|Shtraf|Unknown|2 104 927|
2024.5.1	Soliqlar	???	UZS 2049543	???
2024.5.1,Bonus,chiqim,2403352,???
2024.5.1,Ta'mirlash,income,2228651,
2024.5.1,Bino ijarasi,unknown,0.3 mln,
3-May-2024,O'qituvchi oyligi,chiqim,4431592,???
3-May-2024,Bonus,Ijara,3062252,
3-May-2024;O'qituvchi oyligi;Soliq;0.8 mln;???
3-May-2024,Bonus,rasxod,4521475,???
3-May-2024|O'qituvchi oyligi|rasxod|1 067 332|
3-May-2024,B0nus,income,4961101,???
4-May-2024,Kofebreyk,kirim,1313010,
5/5/2024,Marketing,kirim,~4842248,
5/5/2024,Suv,expense,UZS 3332605,???
5/5/2024;Ta'mirlash;soliq;3838888;
2024-05-06|Internet|Oylik|~779280|???
2024-05-06	Kofebreyk	Soliq	4092846	
2024-05-06,Shtraf,Oylik,4654849,
7-May-2024;Shtraf;???;2692571;
7-May-2024	Oylik to'lov	rasxod	3505480	???
8-May-2024,Mebel,Unknown,720638,???
8-May-2024	Bino ijarasi	Oylik	1256711	
9/5/2024,Kofebreyk,income,4902908,
9/5/2024,Reklama (FB),expense,UZS 2827278,???
9/5/2024|Oylik to'lov|kirim|4458019|
2024-05-10,Kofebreyk,Unknown,829277,
2024-05-10,Marketing,expense,2 618 004,
2024-05-10|B0nus|Oylik|1844931|???
2024-05-10	Kofebreyk	tushum	2014333	
2024-05-10,O'qituvchi oyligi,expense,2150777,
2024-05-10	Bino ijarasi	???	UZS 3682107	
2024.5.11|Suv|Unknown|3982897|
2024-05-12,Yangi parta,tushum,3928359,???
2024-05-12;Ta'mirlash;Unknown;5013429;
2024-05-12,Suv,Soliq,1110663,???
2024-05-12	Suv	income	2006548	
13-May-2024|Internet|ijara|4042578|
13-May-2024	Marketing	Ijara	120 959	
13-May-2024|Mebel|tushum|4.3 mln|
13-May-2024;Yangi parta;kirim;UZS 398696;
13-May-2024;Elektr;ijara;2622930;
13-May-2024,K@ntselyariya,rasxod,1461923,
14/5/2024|Suv|???|3.4 mln|Izoh|XatoUstun
14/5/2024,Elektr,Unknown,3340475,???
14/5/2024,Reklama (FB),expense,703948,
2024.5.16,O'qituvchi oyligi,Soliq,3841984,Izoh,XatoUstun
2024.5.16,Mebel,Soliq,1585972,
2024.5.16	Kofebreyk	Unknown	1854351	
2024.5.16|Oylik to'lov|tushum|3053293|
2024.5.16,Mebel,tushum,3149858,
2024.5.17|Havo sovutgich|Ijara|1401392|
2024.5.17|Suv|Soliq|3 745 608|
2024.5.17|Reklama (FB)|expense|2051551|
2024-05-18;Kantselyariya;rasxod;2.1 mln;???
2024-05-18,Shtraf,kirim,4077948,
2024-05-18,Reklama (FB),income,0.1 mln,
2024-05-18,Bonus,unknown,2.7 mln,
2024-05-19	O'qituvchi oyligi	chiqim	1727613	
2024-05-19,Mebel,chiqim,3658460,
2024-05-19,Suv,rasxod,UZS 1306369,
2024-05-19,Elektr,Unknown,4319345,
20/5/2024,Suv,tushum,4656011,
20/5/2024	Soliqlar	Unknown	4869285	???
20/5/2024,Marketing,Ijara,4043984,
20/5/2024,Internet,tushum,4494452,
2024.5.21|Havo sovutgich|Oylik|4760446|???
2024.5.21,Bonus,Oylik,4576681,
2024.5.21	Shtraf	income	UZS 1633114	
2024-05-22,Yangi parta,???,2465485,
2024-05-23	Havo sovutgich	tushum	3629974	
2024-05-23	Oylik to'lov	tushum	3116670	
2024-05-24	Kantselyariya	ijara	3217989	
2024-05-24,Rekl@ma (FB),rasxod,3614735,
2024-05-24|Elektr|kirim|4854407|
2024-05-24|Internet|rasxod|4020028|???
2024-05-24;Internet;kirim;730588;???
2024-05-24,Oylik to'lov,Soliq,4931568,
2024-05-24	Elektr	unknown	1 071 112	
2024.5.26;Suv;chiqim;3126502;
2024.5.27,Reklama (FB),???,~4923108,
2024.5.27;Internet;expense;4213113;
--- BU KUN YOZILMAGAN ---
29/5/2024	Bonus	Oylik	1 793 604	
29/5/2024,Bino ijarasi,chiqim,UZS 2026412,
29/5/2024,Suv,Soliq,4219993,
2024-05-30,Havo sovutgich,expense,2343610,???
2024-05-30;Elektr;Ijara;2 525 386;
2024-05-30,Oylik to'lov,chiqim,2427240,Izoh,XatoUstun
2024-05-31|Oylik to'lov|~3070167
2024-05-31,Kantselyariya,expense,4 364 272,
2024-05-31	S0liql@r	Ijara	1101092	
2024-05-31,Mebel,Ijara,2461115,
2024-05-31,Shtraf,???,3365830,???
2024-05-31,Kofebreyk,Unknown,1859815,???
NOT_A_DATE,ERROR,CRASH,0,System failure message inserted here
2024.6.1|Shtraf|rasxod|1733713|
2024.6.1|Internet|income|1.6 mln|???
2-Iyun-2024	Havo sovutgich	tushum	4283346	
2-Iyun-2024|Kofebreyk|tushum|1745936|
2-Iyun-2024	O'qituvchi oyligi	kirim	2081713	
2024-06-03	Mebel	Ijara	2654930	???
4-Iyun-2024,Suv,rasxod,1395308,
4-Iyun-2024|Shtraf|income|4707139|???
4-Iyun-2024,Soliqlar,Ijara,2059377,Izoh,XatoUstun
5/6/2024;Marketing;ijara;2744007;???
5/6/2024,Reklama (FB),income,~3355564,
6-Iyun-2024,Havo sovutgich,chiqim,419926,
6-Iyun-2024;Ta'mirlash;???;1266010;???
2025.5.11,Marketing,???,2918018,???
2024-06-08,O'qituvchi oyligi,Unknown,3987040,
2024-06-08,Yangi parta,kirim,1944028,
2024-06-09,Yangi parta,???,1947408,
2024-06-09,Havo sovutgich,rasxod,1284077,
2024-06-09,Bonus,income,2330711,
2024-06-09|Oylik to'lov|Ijara|461506|???
2024-06-09	Bonus	rasxod	4048832	???
2024-06-09,Bino ijarasi,expense,1.8 mln,
2024-06-10|B0nus|rasxod|3266936|???
2024-06-10;Soliqlar;income;2838238;???
2024-06-10	Internet	Ijara	4 816 202	
2024-06-10|Soliqlar|Soliq|4770961|
2024-06-10;Shtraf;tushum;3597382;
2024-06-10;Marketing;tushum;3180358;???
2024-06-10,Kantselyariya,chiqim,1038364,
2024-06-11,Bino ijarasi,Oylik,2663369,Izoh,XatoUstun
2024-06-11,Bonus,Unknown,1487596,
2024-06-11;Shtraf;income;1289156;???
2024-06-11|Oylik to'lov|Ijara|4436410|???
2024-06-11|Oylik t0'lov|Oylik|~2272700|???
2024.6.12,Reklama (FB),rasxod,3901064,
2024.6.12;Kofebreyk;rasxod;1863363;
2024.6.12|Elektr|chiqim|3058522|
2024.6.12|Soliqlar|income|1934221|???
2024.6.12|B0nus|???|3495789|???
13/6/2024,K@ntselyariya,Oylik,~1358695,???
13/6/2024,Soliqlar,Oylik,237316,
13/6/2024,Ta'mirlash,rasxod,3 568 566,???
2024-06-14;Ta'mirlash;kirim;777789;???
2024-06-14,Shtraf,chiqim,4162510,
--- BU KUN YOZILMAGAN ---
16/6/2024|Ta'mirlash|kirim|3488038|
16/6/2024,Internet,???,4307536,
16/6/2024	Bonus	income	2484708	???
16/6/2024,Marketing,tushum,2507229,
16/6/2024,Bonus,tushum,4368231,
16/6/2024,Marketing,Soliq,UZS 4424080,
16/6/2024|Suv|???|4 670 507|
2024-06-17,Suv,ijara,704015,
2024-06-17,O'qituvchi oyligi,tushum,1661215,
2024-06-17	Suv	expense	3572592	
2024-06-17,Suv,chiqim,2427584,
2024-06-18;Kantselyariya;expense;~1567326;???
19-Iyun-2024|Internet|chiqim|UZS 4215685|???
19-Iyun-2024,Elektr,expense,3459200,???
19-Iyun-2024,Internet,Oylik,679904,???
19-Iyun-2024,Ta'mirlash,tushum,324122,???
19-Iyun-2024,Oylik to'lov,rasxod,~2527888,???
2024-06-20,O'qituvchi oyligi,kirim,4501383,???
2024-06-20	Reklama (FB)	expense	2138748	???
2024-06-20,Yangi parta,Soliq,1639700,
2024-06-20	Suv	income	~4049274	
2024-06-20,Internet,Unknown,4 365 861,
2024-06-20,Elektr,kirim,2306631,
2024-06-20,Suv,expense,4565928,
21-Iyun-2024,Havo sovutgich,Ijara,~3576437,
21-Iyun-2024	Yangi parta	kirim	71633	
21-Iyun-2024,Shtraf,rasxod,1355241,
21-Iyun-2024,Shtraf,1107627
21-Iyun-2024	Kantselyariya	Ijara	308467	
21-Iyun-2024,Reklama (FB),chiqim,4559894,???
23/6/2024;Soliqlar;expense;4457083;
24-Iyun-2024|Kantselyariya|Soliq|3405018|???
24-Iyun-2024,Internet,income,460767,
24-Iyun-2024|Mebel|soliq|4619991|
24-Iyun-2024,O'qituvchi 0yligi,Ijara,1585157,???
24-Iyun-2024	Bino ijarasi	Soliq	4.8 mln	
24-Iyun-2024,Suv,expense,2928823,
2024.6.26,Bino ijarasi,3210932
2024.6.26,Internet,Oylik,~3176238,
27-Iyun-2024,Reklama (FB),chiqim,3084142,
27-Iyun-2024;Shtraf;tushum;978811;
2024.6.28	Bino ijarasi	tushum	2749448	
2024.6.28|Mebel|soliq|1198958|
2024.6.28,Reklama (FB),Unknown,3068106,
2024.6.28,Havo sovutgich,tushum,1218051,???
2024.6.28,Soliqlar,expense,1380654,
2024-06-29,Bonus,rasxod,4762799,
2024-06-29,Ta'mirlash,Ijara,~280994,???
2024-06-29,Bino ijarasi,chiqim,4398003,???
30/6/2024,Elektr,kirim,3122595,
30/6/2024;Suv;chiqim;750102;
30/6/2024	Marketing	oylik	229875	???
2024-09-25,O'qituvchi 0yligi,Ijara,1249778,
30/6/2024|Ta'mirlash|rasxod|~4642786|
30/6/2024,Y@ngi parta,Soliq,530926,
2024.7.2,Marketing,Ijara,2800095,
2024.7.2,Yangi parta,Ijara,1669318,???
2024.7.2;Kofebreyk;oylik;409328;
2024.7.2	Oylik to'lov	kirim	3272905	
2024.7.2,Havo sovutgich,income,2513253,
2024-07-03,Bin0 ij@rasi,Ijara,0.6 mln,
2024-07-03;Soliqlar;chiqim;3427745;???
2024-07-03,Reklama (FB),???,1409359,???
2024-07-03,Kantselyariya,???,3541943,???
2024-07-03|Suv|???|963365|???
4-Iyul-2024,Oylik to'lov,Soliq,3238347,???
2024-07-05,Bino ijarasi,expense,4471930,
2024-07-05|Havo sovutgich|tushum|3473736|???
2024-07-05,Suv,income,2435200,
2024-07-05,Elektr,Ijara,2962463,???
2024-07-06	Yangi parta	Unknown	~4613075	
2024-07-06,Mebel,expense,~391801,
7-Iyul-2024|Havo sovutgich|Unknown|1688014|???
7-Iyul-2024	S0liql@r	income	2831160	???
10/7/2024	Mebel	expense	4012720	
10/7/2024|Kantselyariya|tushum|3664792|
10/7/2024,Bino ijarasi,chiqim,1868602,???
2024-07-12	Elektr	rasxod	3310561	
2024-07-12,Marketing,???,916547,
2024-07-12|Y@ngi parta|Ijara|1226064|
2024-07-12	Bonus	Ijara	2530674	???
2024-07-12,O'qituvchi oyligi,Soliq,5000434,
2024-07-13,Elektr,income,3336561,
2024-07-13,Reklama (FB),Oylik,3631053,
2024-07-13,Havo sovutgich,tushum,1559598,???
2024-07-13;Havo sovutgich;soliq;342661;
2024-07-13,O'qituvchi oyligi,Oylik,~2917215,Izoh,XatoUstun
2024-07-13;Yangi parta;tushum;2309811;
2024-07-14	Kantselyariya	rasxod	2864937	
15-Iyul-2024;Oylik t0'lov;tushum;2408474;???
2024.7.16|Internet|chiqim|3029655|
2024-07-18,Yangi parta,???,658641,???
2024-07-18,Marketing,kirim,144766,
2024-07-18|Kofebreyk|Oylik|3701764|
2024-07-18,Yangi parta,chiqim,3946708,???
20/7/2024;Bonus;Oylik;918457;???
NOT_A_DATE,ERROR,CRASH,0,System failure message inserted here
21-Iyul-2024,K0febreyk,chiqim,3.9 mln,???
21-Iyul-2024;Reklama (FB);expense;4 461 636;
2024-07-22,O'qituvchi oyligi,Ijara,2881928,???
2024-07-22,Oylik to'lov,tushum,2928342,
2024-07-22,M@rketing,Ijara,2268556,Izoh,XatoUstun
2024-07-22,Shtraf,chiqim,4652396,???
2024-07-22,Bino ijarasi,tushum,3011178,
2024-07-22	O'qituvchi oyligi	Oylik	1808360	Izoh	XatoUstun
23-Iyul-2024,Havo sovutgich,Oylik,UZS 3318988,
23-Iyul-2024,Elektr,expense,2539443,
23-Iyul-2024,Shtraf,Unknown,3282096,
23-Iyul-2024;Internet;rasxod;3834791;???
23-Iyul-2024,Soliqlar,chiqim,2212815,
23-Iyul-2024|Shtraf|tushum|3359798|???
2024-07-25	Elektr	soliq	2 151 928	
2024-07-25;Internet;income;3182731;
2024-07-25,Shtraf,chiqim,1 462 401,???
26/7/2024;Marketing;tushum;1564877;???
26/7/2024,Soliqlar,Soliq,2139467,???
26/7/2024|Internet|Ijara|1393027|
26/7/2024,Havo sovutgich,tushum,4098765,
26/7/2024|Suv|Unknown|864097|???
2024-07-27,Mebel,???,734837,Izoh,XatoUstun
2024.7.28,Suv,chiqim,1415456,???
2024.7.28,Elektr,rasxod,1306968,
2024.7.28|Yangi parta|???|895249|
2024.7.28	Havo sovutgich	kirim	307959	
2024.7.28,Elektr,???,4984874,
2024.7.28,M@rketing,expense,3091500,
30-Iyul-2024|Bonus|kirim|4152458|
30-Iyul-2024,Marketing,income,2552459,
2024-07-31,Bino ijarasi,rasxod,4378181,
2024-07-31|O'qituvchi oyligi|Unknown|~534794|
2024-08-02|Kofebreyk|85946
2024-08-03,Shtraf,tushum,2 064 003,
4/8/2024	Ta'mirlash	kirim	4277164	
2024-12-15,Kofebreyk,expense,1554842,???
2024-08-05;O'qituvchi 0yligi;tushum;391907;
2024-08-05|Bino ijarasi|Oylik|3545397|
2024-08-05,Internet,chiqim,84500,
2024-08-05	Suv	chiqim	1672272	???
6/8/2024	Oylik to'lov	expense	291276	???
7-Avg-2024|Ta'mirlash|Soliq|~2286274|
7-Avg-2024,Shtraf,Unknown,3762777,
7-Avg-2024,Kantselyariya,Unknown,3031083,
7-Avg-2024|Havo sovutgich|oylik|2176225|
7-Avg-2024;Shtraf;income;1159916;
2024-08-08	Ta'mirlash	expense	2006918	???
2024-08-08,Oylik t0'lov,kirim,1.7 mln,
2024-08-08	Shtraf	rasxod	1616988	
11/8/2024|Oylik to'lov|Oylik|2231332|???
11/8/2024,Bonus,Ijara,1423616,
2024-08-12,H@v0 sovutgich,tushum,UZS 4803352,
2024-08-12|Ta'mirlash|Unknown|2291323|
2024-08-12,Internet,Soliq,1524782,
13-Avg-2024;Elektr;???;3553438;???
13-Avg-2024,Rekl@ma (FB),Soliq,2475983,
13-Avg-2024,Suv,Ijara,1017592,
14-Avg-2024|Havo sovutgich|Ijara|2042213|
14-Avg-2024,Yangi parta,Ijara,3519249,
14-Avg-2024,Shtr@f,chiqim,3692903,
14-Avg-2024,Havo sovutgich,kirim,1 183 733,
2024.8.15,Reklama (FB),Soliq,~291769,
2024.8.15,Kantselyariya,Soliq,5001764,
2024-08-16	Soliqlar	Soliq	~4364148	???
2024-08-16;Havo sovutgich;rasxod;329612;
2024-08-16,Yangi parta,tushum,3265639,
2024-08-16	Kantselyariya	Oylik	4245136	???
17-Avg-2024,Havo sovutgich,kirim,3.2 mln,???
17-Avg-2024	Kantselyariya	tushum	1676743	
2024-08-18,Mebel,tushum,4912252,
2024-08-18;Suv;oylik;3867372;
2024-08-18,Havo sovutgich,rasxod,1920022,???
2024-08-18,Mebel,chiqim,3708184,???
2024-08-18|Oylik to'lov|rasxod|4054133|
2024-08-18,Soliqlar,kirim,4247310,
19-Avg-2024	Ta'mirlash	kirim	4836712	???
19-Avg-2024,Bino ijarasi,expense,1996403,???
19-Avg-2024;O'qituvchi 0yligi;Ijara;903812;
2024-08-20	Bonus	tushum	2626291	
2024-08-20,Marketing,rasxod,980872,
2024-08-20|Ta'mirlash|tushum|1.0 mln|
2024-08-20	Bino ijarasi	rasxod	2112706	
22-Avg-2024;Kofebreyk;???;3071905;
2024-08-23;Bino ijarasi;chiqim;3855398;
2024-08-23,Elektr,kirim,1767592,
2024-08-23,K0febreyk,Unknown,1557078,???
2024-08-24	Yangi parta	Unknown	UZS 183260	???
2024-08-24,Suv,tushum,2367546,???
2024-08-24,Elektr,Ijara,539813,
2024-08-24;Internet;Ijara;2743190;
2024-08-24|Shtraf|Ijara|1167452|
2024-08-24,Marketing,expense,1 049 674,???
2024-08-25;Reklama (FB);income;1831357;
2024-08-26,Bin0 ij@rasi,???,3139656,
2024-08-26	Internet	Unknown	532467	
2024-08-26|Suv|soliq|3126048|
2024-08-26;O'qituvchi oyligi;rasxod;~1415930;
2024-08-26,Suv,5049915
2024-08-27,Shtraf,expense,4312523,???
2024-08-27,Yangi parta,Ijara,746726,???
2024.4.30,Ta'mirlash,???,508397,
2024-08-27	Soliqlar	tushum	0.8 mln	???
2024-08-27,Havo sovutgich,chiqim,597 054,
29-Avg-2024,Kantselyariya,chiqim,480245,???
29-Avg-2024;O'qituvchi oyligi;rasxod;1863783;
29-Avg-2024	Kantselyariya	Oylik	628632	???
29-Avg-2024,O'qituvchi oyligi,Ijara,3767753,
2024-08-30|Ta'mirlash|income|3397868|
2024-08-30,Oylik to'lov,tushum,1741026,
2024-08-30,Bonus,kirim,5 042 681,
2024-08-30|Oylik to'lov|chiqim|4850919|
2024-08-30|Suv|income|2903648|
2024-08-30,Marketing,unknown,4783530,
2024-08-30,O'qituvchi oyligi,chiqim,1169021,???
2024-08-31,Mebel,income,1780557,
2024-08-31,Internet,Unknown,1389577,???
2024-08-31|Yangi parta|chiqim|1378372|???
2024-08-31,Internet,Oylik,1517122,
2024-09-01,Suv,Oylik,1 624 889,
1/3/2024,Soliqlar,rasxod,324544,
2/9/2024;Soliqlar;Oylik;3372444;
2/9/2024,Mebel,expense,4361991,???
3/9/2024	Internet	income	2038430	
3/9/2024,Shtraf,Oylik,1652836,
2024-09-05,Soliqlar,Unknown,336366,
2024-09-05;Kofebreyk;soliq;3436602;
2024-09-05|Havo sovutgich|Oylik|2823995|
2024-09-05,Kofebreyk,Oylik,3920117,???
2024-09-05	Reklama (FB)	Oylik	299347	
2024-09-05	Shtraf	income	~1487031	
2024-09-05,O'qituvchi oyligi,chiqim,2094978,
--- BU KUN YOZILMAGAN ---
12/8/2025;Ta'mirlash;Unknown;~4537304;
2024.9.8|Bonus|oylik|859743|
2024.9.8	Suv	income	2127645	
2024.9.8,Internet,4435385
2024.9.8	Kofebreyk	???	3244570	
2024.9.8	Ta'mirlash	Ijara	4481962	
2024.9.8,O'qituvchi oyligi,Unknown,420892,???
NOT_A_DATE,ERROR,CRASH,0,System failure message inserted here
2024-09-09,Elektr,expense,3533279,
2024-09-09	Internet	income	3479280	
2024-09-09;Marketing;Unknown;1898541;???
10-Sen-2024|Bino ijarasi|???|2574554|Izoh|XatoUstun
10-Sen-2024,Internet,Oylik,1110268,
10-Sen-2024,Marketing,income,2471967,???
10-Sen-2024	Marketing	438458
10-Sen-2024,Suv,chiqim,584665,???
2024-09-12,Bino ijarasi,expense,3378185,???
2024-09-12	Soliqlar	income	3560493	
2024-09-12;Internet;rasxod;UZS 904408;Izoh;XatoUstun
2024-09-13;Havo sovutgich;???;2570860;
2024-09-13|Suv|tushum|~4352362|
2024-09-13;Mebel;chiqim;UZS 3411488;Izoh;XatoUstun
2024-09-13,Elektr,income,3739741,???
2024-09-13;Kantselyariya;chiqim;~4351838;
2024-09-13;Mebel;kirim;1916543;???
2024-09-13,Ta'mirlash,chiqim,2397283,
2024-09-14,Havo sovutgich,expense,2057679,
2024-09-14	Suv	Ijara	1927392	
2024-09-14;M@rketing;rasxod;2320981;
2024-09-14,O'qituvchi oyligi,Soliq,3230451,
2024-09-14,Marketing,Ijara,2298676,???
2024-09-14,Kofebreyk,tushum,1494850,
2024-09-14,K@ntselyariya,tushum,4 660 856,
2024-09-15|Bonus|Ijara|4363504|???
2024-09-15,Shtraf,rasxod,2032537,
2024-09-15	Oylik to'lov	???	871800	???
2024-09-15,Internet,Ijara,~3797903,
2024-09-15;Internet;Soliq;2621326;
2024.9.16,Elektr,???,3233635,???
2024-09-17|Kantselyariya|kirim|457974|
2024-09-19;Havo sovutgich;ijara;3001770;
2024-09-19|Internet|???|UZS 2204776|???
2024-09-19,Kantselyariya,chiqim,2340089,
2024-09-19,Bino ijarasi,???,3211788,
20-Sen-2024,Ta'mirlash,Ijara,4 761 869,
20-Sen-2024;Kantselyariya;Unknown;~3255371;
20-Sen-2024,Elektr,???,~2973414,
20-Sen-2024|Oylik to'lov|tushum|4 923 661|
20-Sen-2024,Bonus,kirim,1507526,???
20-Sen-2024,Soliqlar,expense,3378410,
20-Sen-2024,Havo sovutgich,rasxod,2521078,
22/9/2024,Mebel,Oylik,3094541,
22/9/2024|Elektr|Oylik|238424|???
22/9/2024,Mebel,Soliq,1953998,
2024-09-23,Ta'mirlash,Unknown,1966846,
2024-09-23|Kantselyariya|oylik|2702425|
2024-09-23,Soliqlar,kirim,3162636,
2024-09-23|Havo sovutgich|rasxod|1973907|
2024-09-23,Havo sovutgich,tushum,3652196,
2024-09-24,O'qituvchi oyligi,rasxod,3410713,
2024-09-24,Kantselyariya,kirim,4963549,
2024-09-24,Yangi parta,Oylik,1323663,
2024-09-24;H@v0 sovutgich;rasxod;3.5 mln;
30/6/2024,Ta'mirlash,rasxod,286458,
2024-09-25	Ta'mirlash	???	643504	
2024-09-25,Bonus,expense,2200372,
2024-09-25|O'qituvchi 0yligi|Soliq|2772360|
2024-09-26;Marketing;Unknown;4165428;
2024-09-26,Oylik to'lov,income,3720890,
2024-09-26,Internet,Unknown,1916366,
2024-09-26,Kantselyariya,Soliq,1613718,???
2024-09-26;Bonus;tushum;4152716;
NOT_A_DATE,ERROR,CRASH,0,System failure message inserted here
2024-09-27,Internet,Ijara,4186237,
28/9/2024	Bino ijarasi	ijara	3 039 879	
28/9/2024|Suv|Ijara|4 158 311|
28/9/2024;Soliqlar;tushum;0.8 mln;
28/9/2024	Yangi parta	income	UZS 1799818	???
28/9/2024,Bonus,Soliq,2200930,
28/9/2024|Bino ijarasi|income|2498152|
2024-09-30,O'qituvchi oyligi,expense,2808929,
1/10/2024;Soliqlar;expense;423963;
1/10/2024;Ta'mirlash;Oylik;1667569;
1/10/2024,Bonus,Ijara,2727056,
1/10/2024,Havo sovutgich,???,3406700,
2-Okt-2024,Soliqlar,Ijara,3.1 mln,Izoh,XatoUstun
2-Okt-2024,O'qituvchi oyligi,Unknown,1765016,
2-Okt-2024,Kofebreyk,tushum,3762215,???
2-Okt-2024;Bonus;tushum;3817549;
2-Okt-2024;Elektr;expense;2 934 789;
2-Okt-2024|Marketing|???|2670665|
2-Okt-2024,Kantselyariya,expense,1491229,
2024-10-03|Shtraf|rasxod|4170377|
2024-10-03,Yangi parta,???,3986812,???
2024-10-03	Kantselyariya	Soliq	1982323	
2024-10-03,Havo sovutgich,Oylik,4 976 796,???
2024-10-03;Bin0 ij@rasi;chiqim;512040;
2024-10-04|Shtraf|income|2255027|
2024-10-04,Suv,income,2.4 mln,
2024-10-04	Internet	unknown	3469705	
2024.10.5,Reklama (FB),chiqim,2305653,
2024-10-06,Suv,Unknown,4107755,???
2024-10-06,Ta'mirlash,Oylik,4816640,
2024-10-06	Shtraf	tushum	2116501	
2024-10-06,Suv,Soliq,1853360,
7/10/2024;Marketing;rasxod;3 360 603;
7/10/2024;O'qituvchi oyligi;Soliq;1808273;
7/10/2024,Mebel,Unknown,3082539,
7/10/2024|Bonus|kirim|4802183|???
2024-10-08,Shtraf,Oylik,3273499,
2024-10-08,Oylik to'lov,Unknown,2586472,
10/10/2024|O'qituvchi oyligi|expense|2161159|
10/10/2024,Kantselyariya,tushum,3500347,???
2024.10.11,Shtraf,expense,1791161,???
2024.10.11|Elektr|kirim|2162115|
2024.10.11|Elektr|Ijara|2616663|
2024.10.11|O'qituvchi oyligi|expense|205706|
2024.10.11,O'qituvchi oyligi,expense,661047,
2024.10.11,Marketing,Ijara,316896,
12/10/2024,Suv,Unknown,937 061,Izoh,XatoUstun
12/10/2024,Soliqlar,???,244188,???
12/10/2024|Ta'mirlash|Ijara|3290976|???
12/10/2024,Ta'mirlash,830669
12/10/2024,Elektr,Unknown,~2781235,???
12/10/2024,Ta'mirlash,ijara,3079499,
2024.10.13,Internet,soliq,2208886,
14/10/2024,Oylik to'lov,Unknown,4819644,???
2024.10.15|Internet|kirim|UZS 1987738|???
2024.10.15	Havo sovutgich	chiqim	2339975	
2024-10-16;Mebel;chiqim;4804864;
2024-10-16,O'qituvchi oyligi,Unknown,1373944,
2024-10-16,Bino ijarasi,???,2981390,???
17/10/2024;Yangi parta;chiqim;1823922;
2024.10.18|Reklama (FB)|chiqim|3305076|
2024.10.18,Yangi parta,rasxod,1991082,
2024.10.18	Internet	tushum	656421	
2024.10.18,Reklama (FB),Ijara,3525723,
2024.10.18,Marketing,rasxod,1263276,
2024.10.19	Elektr	Ijara	5007725	
2024.10.19	Oylik to'lov	rasxod	1944146	
2024.10.19|Kantselyariya|Soliq|980494|???
2024.10.19;Bino ijarasi;Ijara;523878;
2024.10.19|Mebel|chiqim|~2011805|???
20/10/2024|Shtraf|Ijara|2 823 734|???
20/10/2024;Bino ijarasi;oylik;2458460;
20/10/2024,O'qituvchi oyligi,???,1618836,???
20/10/2024,S0liql@r,1939573
2024.10.21,Yangi parta,Ijara,4203755,
2024.10.21,Bonus,oylik,1616879,
2024-10-22;Ta'mirlash;tushum;2747326;???
2024-10-22;Marketing;chiqim;4847888;
2024-10-22	Bin0 ij@rasi	tushum	3282628	???
2024-10-22,S0liql@r,Unknown,4745753,???
2024-10-22,Marketing,expense,4206199,
2024-10-23	Shtraf	???	UZS 251755	???
2024-10-23,Kofebreyk,Unknown,4087463,
2024-10-23|Internet|chiqim|4 919 683|
2024-10-24,Mebel,???,2908244,
25-Okt-2024	Marketing	Unknown	3.0 mln	
25-Okt-2024,Marketing,Ijara,1 342 742,???
25-Okt-2024,Soliqlar,Soliq,3552334,???
25-Okt-2024	Oylik to'lov	kirim	UZS 1223743	
25-Okt-2024,Marketing,chiqim,2592577,???
25-Okt-2024,Ta'mirlash,Unknown,2340877,
26/10/2024,Suv,Unknown,1134633,
26/10/2024;O'qituvchi oyligi;Unknown;313662;
26/10/2024;Kofebreyk;income;3 859 868;
26/10/2024,Elektr,ijara,360576,
26/10/2024,Bino ijarasi,Oylik,2 023 858,
26/10/2024,O'qituvchi oyligi,Unknown,3964053,
27-Okt-2024|O'qituvchi oyligi|income|76605|
27-Okt-2024	Mebel	tushum	4437563	???
27-Okt-2024,Havo sovutgich,chiqim,4137972,
27-Okt-2024,T@'mirlash,Soliq,UZS 1565942,???
2024-10-28,Havo sovutgich,Soliq,1540157,
2024-10-28,Shtr@f,Unknown,1212221,
2024-10-28	S0liql@r	Ijara	~4699144	
2024-10-28	Kofebreyk	kirim	1 657 103	
2024-10-28,Ta'mirlash,Soliq,4029694,
2024-09-27,O'qituvchi oyligi,income,5.0 mln,
2024-10-29,Shtraf,Unknown,2252097,
2024-10-29|Bonus|Soliq|3081580|
2024-10-29,Ta'mirlash,???,4913073,
2024.10.30	O'qituvchi oyligi	???	4024130	???
2024.10.30,Mebel,expense,4119285,
2024.10.30;Bonus;soliq;973580;
2024.10.30,Bino ijarasi,expense,1207465,
2024.10.30|Ta'mirlash|expense|3721903|???
2024-10-31;Kofebreyk;rasxod;1588580;???
2024-11-01;Mebel;expense;1365972;
2024-11-01,Kantselyariya,kirim,UZS 939312,
2024-11-01,Kantselyariya,Ijara,4612682,
2024-11-01|Yangi parta|tushum|516868|
2024-11-01,Kofebreyk,tushum,4369339,
2024-11-01,Mebel,Unknown,2187936,???
2024-11-01,K@ntselyariya,income,1893266,
2-Noy-2024	Internet	Soliq	4138223	
2-Noy-2024	Suv	tushum	3886627	
2-Noy-2024|Reklama (FB)|Ijara|3039084|
2-Noy-2024,Bonus,rasxod,3504159,
2-Noy-2024,Soliqlar,Oylik,865681,???
2024.11.3|Soliqlar|Soliq|4187740|???
2024-11-04;Bonus;Unknown;3544018;
2024-11-04;Kofebreyk;tushum;3980343;
2024-11-04,Havo sovutgich,kirim,3337200,
2024-11-04;Elektr;tushum;220493;
2024-11-04	Ta'mirlash	Soliq	2913062	
2024-11-04,Kantselyariya,Oylik,2140529,
2024-11-04|Kofebreyk|kirim|1315974|
5/11/2024	O'qituvchi oyligi	???	0.8 mln	
5/11/2024,Shtraf,Oylik,3322093,???
5/11/2024	Marketing	expense	3055741	
5/11/2024,Kofebreyk,Oylik,3741803,
5/11/2024,Bino ijarasi,soliq,1887709,???
2024.11.6,Shtraf,Ijara,3123031,
2024.11.6;Mebel;rasxod;630867;
2024.11.6|Havo sovutgich|expense|1477905|
2024-11-07,Havo sovutgich,Ijara,4032631,???
8/11/2024,Soliqlar,kirim,1976656,
8/11/2024,Havo sovutgich,income,1792850,
8/11/2024,Havo sovutgich,kirim,4655314,
8/11/2024|Internet|Ijara|957650|???
2024-11-09|Internet|chiqim|2 706 121|
2024-11-09;Kantselyariya;income;1 379 031;
2024-11-09	Marketing	???	2334416	
2024-11-09,Kantselyariya,oylik,4579960,
2024-11-09,Elektr,kirim,3434734,
2024-11-09,Ta'mirlash,income,3 880 410,
2024-11-09;Reklama (FB);tushum;2401565;
10/11/2024	Reklama (FB)	kirim	947154	
11-Noy-2024,Shtraf,???,2358692,???
11-Noy-2024,Kantselyariya,kirim,1393911,???
11-Noy-2024,Ta'mirlash,tushum,1874373,???
11-Noy-2024,Mebel,kirim,1747033,
11-Noy-2024|Mebel|rasxod|4059693|???
11-Noy-2024,Oylik to'lov,Unknown,4794948,???
11-Noy-2024,Elektr,rasxod,3933516,???
12-Noy-2024|Internet|income|1827069|
12-Noy-2024,Havo sovutgich,Ijara,493287,???
12-Noy-2024|Yangi parta|???|1753762|
12-Noy-2024,Soliqlar,Oylik,2339278,
12-Noy-2024;Suv;income;3168549;
2024-11-15,Shtraf,Ijara,3450689,
2024-11-15,Internet,Oylik,207962,
2024-11-15,Kantselyariya,Oylik,2316719,
2024-11-15;Reklama (FB);rasxod;856408;???
2024-11-15;Oylik to'lov;tushum;3215917;
16/11/2024;Yangi parta;expense;1 652 506;
17/11/2024,T@'mirlash,Oylik,3321909,???
17/11/2024|Marketing|tushum|3812473|???
17/11/2024,Oylik to'lov,Ijara,1696565,
17/11/2024;Suv;tushum;1268760;???
2024-11-18|Elektr|Unknown|2989986|
2024-11-19,Suv,kirim,~4688223,???
2024-11-19|O'qituvchi oyligi|3042947
2024-11-19|Reklama (FB)|kirim|1972188|
2024-11-19|Bino ijarasi|Soliq|2062149|???
2024-11-19,Soliqlar,rasxod,3881385,
2024-11-19	Ta'mirlash	Ijara	1486571	
2024.11.20|Yangi parta|???|3332962|???
22-Noy-2024|Soliqlar|Soliq|1612909|Izoh|XatoUstun
22-Noy-2024,Suv,income,4192454,???
23/11/2024	Suv	expense	3210790	
23/11/2024;Oylik to'lov;income;UZS 3918716;???
23/11/2024;Kofebreyk;chiqim;3727233;
23/11/2024,Havo sovutgich,Soliq,4645962,???
23/11/2024,Kantselyariya,tushum,4510487,???
23/11/2024,Ta'mirlash,expense,2 422 102,???
23/11/2024	Ta'mirlash	Oylik	3037812	
24-Noy-2024	Bonus	???	4695857	
24-Noy-2024;Shtraf;tushum;152304;Izoh;XatoUstun
25/11/2024,Yangi parta,chiqim,966 025,
25/11/2024,Elektr,???,4019207,Izoh,XatoUstun
26/11/2024,Soliqlar,soliq,2183313,
26/11/2024	Internet	Soliq	~1287059	
2025-09-21;Soliqlar;tushum;1113238;???
2024.11.27;Marketing;chiqim;1463299;Izoh;XatoUstun
2024.11.27;O'qituvchi oyligi;1406588
2024.11.27,Kofebreyk,Ijara,2421105,
2024.11.27;Havo sovutgich;chiqim;2466106;
2024.11.27,Marketing,4601863
2024-11-28,Shtraf,Ijara,4870475,
2024-11-28,Yangi parta,Oylik,265321,???
2024-11-29,Mebel,Unknown,436802,
2024-11-29	Kantselyariya	kirim	1201862	???
2024-11-29,Yangi parta,chiqim,1066772,???
2024-11-29,Reklama (FB),expense,3395304,???
2024-11-29;O'qituvchi oyligi;kirim;UZS 140083;
2024-11-30	Elektr	expense	4930264	
2024-11-30;Soliqlar;kirim;3870247;Izoh;XatoUstun
2024-11-30,Marketing,???,1389742,???
2024-11-30,Marketing,income,2579282,
1/12/2024;Suv;chiqim;3003045;???
1/12/2024,Oylik to'lov,Ijara,4779101,
2024.12.2,K@ntselyariya,tushum,4 419 743,???
2024.12.3,H@v0 sovutgich,chiqim,4182218,
2024.12.3	Kantselyariya	tushum	3709883	
2024.12.3|Shtraf|income|2607121|???
2024.12.3,Elektr,Ijara,2566275,???
2024.12.3	Mebel	chiqim	4235092	
2024.12.3,Kantselyariya,Ijara,2 802 178,
2024-12-04,Shtraf,???,UZS 3073708,
2024-12-04|Ta'mirlash|rasxod|4505224|???
2024-12-05	Mebel	Soliq	2748123	
2024-12-05,Reklama (FB),chiqim,152 196,
6-Dek-2024;Y@ngi parta;kirim;1779433;
6-Dek-2024,Shtraf,chiqim,1362134,
6-Dek-2024|Havo sovutgich|kirim|UZS 4741579|
6-Dek-2024	Bino ijarasi	???	708323	
6-Dek-2024	Elektr	chiqim	280 379	
6-Dek-2024	Marketing	chiqim	4826546	???
6-Dek-2024,Shtraf,income,1005130,
2024.12.7,Ta'mirlash,tushum,1863477,
2024.12.7|M@rketing|Oylik|750861|
2024.12.7;Suv;Ijara;1562840;???
2024.12.7,Shtraf,Oylik,1182329,
31-Dek-2025,Shtraf,Soliq,1795643,
2024-12-09|K@ntselyariya|tushum|1108839|
2024-12-09;Elektr;Unknown;52046;
2024.12.10|S0liql@r|kirim|4398524|
2024.12.10	Bonus	Soliq	1536752	
2024.12.10,Yangi parta,Oylik,4176058,
2024.12.10,Oylik to'lov,ijara,488604,
2024-12-11,Suv,???,3227321,
2024-12-11	Suv	???	5033811	???
2024-12-11,Internet,expense,1959206,
2024-12-11	Havo sovutgich	income	849 546	
2024-12-11,Suv,rasxod,3987516,???
2024-12-11;Elektr;expense;3720760;
2024.12.12|Marketing|expense|4625061|
2024.12.12|Mebel|rasxod|4119550|
2024.12.12,Kofebreyk,Soliq,1747830,???
2024.12.14,Yangi parta,chiqim,2622889,
2024.12.14,Ta'mirlash,Soliq,4721133,
2024.12.14|Suv|tushum|2 157 538|
2024.12.14|Bino ijarasi|expense|~4613735|Izoh|XatoUstun
2024.12.14,Bino ijarasi,expense,1650805,
2024-12-15	Mebel	Ijara	1574748	???
2024-12-15	Reklama (FB)	rasxod	0.6 mln	???
2024-12-15,Bino ijarasi,Oylik,516063,
4/8/2024;Shtraf;Oylik;~4277114;
2024-12-15,O'qituvchi oyligi,Unknown,4328084,
2024-12-15|Elektr|tushum|3021474|???
2024.12.16;Kantselyariya;tushum;4795177;
11-Apr-2024,Marketing,kirim,856258,???
NOT_A_DATE,ERROR,CRASH,0,System failure message inserted here
2024.12.18	Mebel	Oylik	2647302	???
2024-12-19,Marketing,kirim,1099757,
2024-12-19,Internet,chiqim,1.3 mln,
2024-12-20,Oylik to'lov,Ijara,2428629,
2024-12-20|Reklama (FB)|tushum|UZS 1776527|
2024-12-20|Oylik to'lov|2383796
2024-12-20|Kantselyariya|expense|2399801|
2024-12-20|H@v0 sovutgich|???|441789|
2024-12-20|Shtraf|Soliq|1143590|
2024-12-20|T@'mirlash|tushum|2644550|
2024.12.21|Oylik to'lov|Soliq|855570|
2024.12.21;Shtraf;Oylik;2065254;
2024.12.21	Suv	income	4607615	
2024.12.21;Kantselyariya;Soliq;3.0 mln;
2024.12.21;Ta'mirlash;???;1523860;
22-Dek-2024;Havo sovutgich;Ijara;3877451;???
22-Dek-2024,H@v0 sovutgich,Ijara,189211,
22-Dek-2024|Suv|kirim|578426|Izoh|XatoUstun
22-Dek-2024,H@v0 sovutgich,expense,3444982,
22-Dek-2024,O'qituvchi oyligi,Soliq,2382481,Izoh,XatoUstun
2024.12.23,Bonus,tushum,397816,
2024.12.23,Suv,Soliq,2929497,
2024.12.23,Havo sovutgich,???,1373134,
2024-12-24,Ta'mirlash,Soliq,424698,
2024-12-24,Kofebreyk,tushum,3249691,
2024-12-24,Kofebreyk,Soliq,4523286,
2024-12-24,Marketing,chiqim,2024754,
25/12/2024,O'qituvchi oyligi,expense,~3877631,
2024.12.26|O'qituvchi oyligi|kirim|4741776|
2024.12.26	Kantselyariya	rasxod	1449480	???
2024.12.26|S0liql@r|Ijara|132266|
2024.12.26,Oylik to'lov,income,2558027,???
2024.12.26|Elektr|rasxod|2404245|???
2024.12.26,O'qituvchi 0yligi,Ijara,1298031,
2024.12.26	Mebel	tushum	2382490	
27-Dek-2024,Oylik to'lov,rasxod,1.7 mln,
27-Dek-2024|O'qituvchi oyligi|kirim|3888958|
27-Dek-2024	Soliqlar	kirim	0.4 mln	???
27-Dek-2024;Yangi parta;income;971295;
27-Dek-2024	Yangi parta	Soliq	~1982767	???
27-Dek-2024,Soliqlar,kirim,1835294,
27-Dek-2024,H@v0 sovutgich,Soliq,UZS 659882,
2024-12-28;Havo sovutgich;Oylik;0.7 mln;
2024-12-28;K@ntselyariya;rasxod;3171101;
2024-12-28	O'qituvchi 0yligi	chiqim	1954685	
2024-12-28,Ta'mirlash,income,~140553,
2024-12-29,Havo sovutgich,rasxod,4 631 957,
2024-12-29;Mebel;expense;1337322;
2024-12-29,Marketing,Oylik,4554316,
2024-12-29,Shtraf,Unknown,1628117,???
2024-12-29	T@'mirlash	expense	~2497429	???
2024-12-29	Suv	Ijara	1238675	
2024-12-30,K0febreyk,expense,2637593,Izoh,XatoUstun
2024-12-30	Internet	???	3149427	Izoh	XatoUstun
2024-12-30|Bino ijarasi|expense|2657118|???
2024.12.31,Yangi parta,chiqim,2418007,
2024.12.31,Ta'mirlash,Ijara,3279874,
2024.12.31;Suv;Unknown;0.3 mln;???
2025-01-01;Havo sovutgich;kirim;4123222;???
2025-01-01,Internet,Ijara,3.1 mln,
2025-01-01,O'qituvchi oyligi,Unknown,4020639,
2025-01-02;Ta'mirlash;Ijara;3621170;
4-Yan-2025|Elektr|???|2136371|
2025-01-06,Yangi parta,kirim,0.2 mln,
2025-01-06	Elektr	expense	UZS 4670445	
2025-01-06,Elektr,rasxod,917216,
2025-01-06,S0liql@r,Unknown,1466651,???
2025-01-07,Mebel,Soliq,~1006502,
2025-01-07,Shtraf,???,4068053,
2025-01-07|Mebel|chiqim|4762350|
2025-01-07	Yangi parta	chiqim	3811637	
2025-01-07;Havo sovutgich;chiqim;2866935;
2025-01-07;Elektr;Unknown;3215352;???
2025-01-07;Oylik to'lov;???;UZS 3352175;???
2025-01-09|Kantselyariya|chiqim|2959711|???
2025-01-09,S0liql@r,Soliq,3678229,
2025-01-09,Bino ijarasi,???,804151,???
2025-01-09,Soliqlar,Unknown,3674952,
2025-01-09;O'qituvchi oyligi;expense;4295299;
2025-01-10	O'qituvchi 0yligi	chiqim	739876	???
2025-01-10,Bino ijarasi,income,1476584,
2025-01-10,Yangi parta,chiqim,5018720,???
2025-01-10|Elektr|oylik|UZS 1721555|
2025-01-10,Mebel,Unknown,435410,
2025-01-10;Kofebreyk;income;4381732;
2025-01-10,Reklama (FB),expense,3138099,
2025.1.11	Shtr@f	expense	3019120	???
2025.1.11,Marketing,tushum,977338,
2025.1.11	Bin0 ij@rasi	rasxod	4.2 mln	
2025.1.11,Bino ijarasi,Soliq,3532342,
2025.1.11	Kofebreyk	kirim	192 535	???
2025.1.12|Elektr|income|4249271|
2025.1.12,Bino ijarasi,income,3290505,???
2025.1.12,Ta'mirlash,chiqim,0.6 mln,
2025.1.12,Marketing,income,4210602,
2025.1.12;Kantselyariya;income;~4929783;
2025-01-13,Elektr,rasxod,3957299,
2025-01-13;Bonus;Ijara;4490218;???
2025-01-13|Internet|chiqim|141949|
2025-01-13;Ta'mirlash;tushum;3705740;
2025-01-13;O'qituvchi oyligi;chiqim;3242446;???
2025-01-13,Oylik to'lov,tushum,4259880,
14/1/2025	Internet	chiqim	4567379	???
14/1/2025	Internet	chiqim	291505	
2025.1.15,Yangi parta,Soliq,1585946,???
2025.1.15|Yangi parta|income|548089|
2025.1.15;Reklama (FB);tushum;1306563;
2025.1.15,O'qituvchi oyligi,chiqim,4035136,???
17/1/2025,Oylik to'lov,ijara,4469248,
17/1/2025	Oylik to'lov	expense	~1223448	
17/1/2025,Y@ngi parta,kirim,0.1 mln,
17/1/2025,Elektr,expense,2902055,???
17/1/2025|Suv|???|5026678|
17/1/2025;Soliqlar;???;3371369;
18-Yan-2025|Elektr|1157103
18-Yan-2025,Suv,expense,~1720264,
18-Yan-2025,B0nus,Soliq,4873601,???
18-Yan-2025,Bonus,???,2121495,???
18-Yan-2025,Yangi parta,expense,1281468,???
2025.5.19,Suv,kirim,2595758,
2025-01-20,Internet,chiqim,863235,
2025-01-20	O'qituvchi oyligi	income	4 488 923	
2025-01-20,Suv,chiqim,1.7 mln,
2025-01-20,Reklama (FB),tushum,~2281525,
2025-01-20	Mebel	chiqim	UZS 1100797	???
21/1/2025	O'qituvchi oyligi	Unknown	3099257	
21/1/2025;Suv;Soliq;497396;
21/1/2025;Bino ijarasi;Oylik;3097125;???
21/1/2025	O'qituvchi oyligi	Oylik	UZS 3201369	
22-Yan-2025,O'qituvchi oyligi,tushum,3231084,
22-Yan-2025	Ta'mirlash	Ijara	4709518	
22-Yan-2025,Kofebreyk,???,1913192,
2025.1.23	Mebel	???	~944900	
2025.1.23,Mebel,Soliq,1890143,
2025.1.23	Soliqlar	income	3970620	
2025.1.23	Oylik to'lov	expense	1475787	
2025.1.23	O'qituvchi oyligi	chiqim	3228973	
2025.1.23,Bino ijarasi,Ijara,1018703,???
24-Yan-2025	Shtraf	Oylik	4813516	???
2025-01-25	Havo sovutgich	kirim	4.5 mln	
2025-01-25|Bino ijarasi|Soliq|3573882|???
2025-01-25	Oylik t0'lov	expense	3304992	
2025-01-25,Havo sovutgich,rasxod,2734332,
27/1/2025	T@'mirlash	Soliq	1371610	???
27/1/2025,Bino ijarasi,Ijara,UZS 5004606,
2025-01-28,Soliqlar,Unknown,2765957,
2025-01-28,O'qituvchi oyligi,kirim,1.0 mln,???
2025-01-28;Ta'mirlash;rasxod;UZS 1114120;
2025-01-29,Shtraf,2 361 948
2025-01-29|S0liql@r|chiqim|2589724|
2025-01-29	Suv	kirim	2119432	
30/1/2025;Soliqlar;Ijara;4224600;
30/1/2025	T@'mirlash	???	1699181	
30/1/2025,Suv,kirim,234572,
30/1/2025,Kantselyariya,???,3828291,???
30/1/2025|Havo sovutgich|expense|513287|
30/1/2025|Kofebreyk|tushum|659244|
30/1/2025,Ta'mirlash,Oylik,4197514,???
2025.2.1,Mebel,rasxod,1.5 mln,
2025.2.1	Kantselyariya	chiqim	4546493	
2025-02-02,Havo sovutgich,income,4959439,???
2025-02-02,Oylik to'lov,Oylik,2058443,???
3-Iyun-2025|Reklama (FB)|Unknown|3088743|
2025-02-02|O'qituvchi 0yligi|???|4002819|???
2025.2.3;K0febreyk;income;1436410;
2025.2.3	Elektr	chiqim	~1283346	???
2025.2.3,Internet,chiqim,1069523,???
2025.2.3;Kantselyariya;rasxod;2390049;
2025.2.3,Bonus,chiqim,4788959,???
2025.2.3,Marketing,???,1360817,
2025.2.3,Bonus,rasxod,1778126,
4/2/2025,Yangi parta,rasxod,4032907,
4/2/2025,O'qituvchi oyligi,expense,4669449,
4/2/2025,Elektr,kirim,685300,
4/2/2025,Soliqlar,expense,2490086,
4/2/2025|Ta'mirlash|chiqim|3792075|
NOT_A_DATE,ERROR,CRASH,0,System failure message inserted here
6/2/2025	Mebel	Ijara	1718119	
7/2/2025;Marketing;tushum;1125323;
7/2/2025|Kofebreyk|Soliq|1874620|???
7/2/2025,Elektr,tushum,2404824,
2025-02-08|Elektr|chiqim|~4515587|???
10-Feb-2025	Marketing	rasxod	4428329	
10-Feb-2025;Reklama (FB);3028545
10-Feb-2025;Mebel;unknown;3055075;
10-Feb-2025,Kofebreyk,income,789441,???
10-Feb-2025	Reklama (FB)	income	2597890	
2025-02-11;Shtraf;expense;2358333;
2025-02-11,Marketing,chiqim,3 676 119,
2025-02-12,Mebel,924428
2025-02-12|Soliqlar|unknown|1336013|???
2025-02-12,Shtraf,Oylik,1.3 mln,Izoh,XatoUstun
2025-02-12,Internet,chiqim,2507126,???
2025-02-12,Mebel,Unknown,3430874,
2025-02-12	Internet	rasxod	1481272	
2025.2.13,Mebel,income,3517039,???
2025.2.13,Kofebreyk,Soliq,1037755,
2025.2.14	O'qituvchi oyligi	Unknown	3.5 mln	
2025.2.14;Oylik to'lov;3.0 mln
2025.2.14,Bino ijarasi,Ijara,3815536,
2025.2.14|Mebel|Soliq|737 534|
2025.2.14,Bino ijarasi,Soliq,3864352,
2025.2.14,Suv,chiqim,764599,
15/2/2025;Shtraf;chiqim;4761375;
16-Feb-2025	Marketing	expense	1968106	
16-Feb-2025,Soliqlar,Ijara,4692018,Izoh,XatoUstun
16-Feb-2025,Internet,tushum,2607288,???
16-Feb-2025	Bonus	???	237662	
16-Feb-2025	Kofebreyk	Unknown	4575397	???
16-Feb-2025|Internet|UZS 1711628
16-Feb-2025,Soliqlar,Soliq,2302187,???
17/2/2025,Marketing,kirim,~2933819,
17/2/2025;Elektr;chiqim;4597759;???
17/2/2025,Elektr,Ijara,1812860,???
2025-02-18,Shtraf,oylik,~1127072,???
2025-02-18,Havo sovutgich,Soliq,4608619,???
2025-02-18,Havo sovutgich,rasxod,1873708,???
2025-02-18,Bonus,rasxod,235280,
19/2/2025	B0nus	tushum	576670	
19/2/2025,Bonus,Unknown,291155,
19/2/2025,Shtraf,kirim,1408074,???
19/2/2025,Bonus,expense,~4228911,???
19/2/2025;S0liql@r;chiqim;4706668;
19/2/2025,Havo sovutgich,Oylik,3496735,
--- BU KUN YOZILMAGAN ---
2025-02-21;Havo sovutgich;chiqim;2395927;
2025-02-21;Ta'mirlash;unknown;3.3 mln;
2025-02-21;Suv;tushum;282936;???
2025-02-21|Havo sovutgich|tushum|1715153|
2025-02-21,Marketing,expense,4827751,
22-Feb-2025;Yangi parta;expense;4957160;
22-Feb-2025,Shtr@f,Ijara,UZS 903380,
22-Feb-2025,Elektr,???,3431393,???
22-Feb-2025,Marketing,Ijara,2851280,
2025-02-23,O'qituvchi oyligi,Oylik,1054211,???
2025-02-23	Oylik to'lov	rasxod	1429507	
2025-02-23	Internet	???	4475189	
2025-02-23|Kantselyariya|chiqim|104428|
24-Feb-2025,Bonus,chiqim,1526907,
24-Feb-2025;Yangi parta;Oylik;3168432;
24-Feb-2025	Bino ijarasi	Ijara	4020819	
24-Feb-2025	O'qituvchi oyligi	???	4503588	
2025-02-25;Bino ijarasi;income;~1569205;???
2025-02-25,Internet,???,957926,
2025-02-25;Suv;kirim;~67824;
2025-02-25,Kantselyariya,Unknown,3 024 416,
2025-02-25,Kofebreyk,tushum,1787486,
2025-02-25;Havo sovutgich;expense;~3154892;???
26/2/2025	O'qituvchi oyligi	rasxod	1510834	
26/2/2025;Ta'mirlash;Ijara;4137456;???
26/2/2025|Oylik to'lov|kirim|1604411|???
2025-02-28;Reklama (FB);income;4982750;
2025-02-28,Internet,Oylik,4688021,Izoh,XatoUstun
2025-02-28|Reklama (FB)|kirim|3631394|Izoh|XatoUstun
2025-02-28|Suv|income|4042148|
1-Mar-2025,H@v0 sovutgich,rasxod,1604807,???
1-Mar-2025,Oylik to'lov,chiqim,3.2 mln,
1-Mar-2025;Shtraf;Unknown;877929;
1-Mar-2025;Ta'mirlash;???;UZS 2352829;???
1-Mar-2025;Reklama (FB);tushum;4346555;
1-Mar-2025|Havo sovutgich|chiqim|220251|
3/3/2025,Oylik to'lov,expense,2605835,
3/3/2025|Bino ijarasi|rasxod|3009389|Izoh|XatoUstun
3/3/2025,Reklama (FB),expense,UZS 4199032,
3/3/2025,Shtr@f,expense,3497368,
3/3/2025,Kofebreyk,income,3077102,
3/3/2025;Kofebreyk;Oylik;3031584;???
2025-03-04,Kantselyariya,Soliq,827827,
2025-03-05,Bin0 ij@rasi,chiqim,2268501,???
2025-03-05	K0febreyk	Soliq	1598729	
2025-03-05,Yangi parta,Unknown,3903652,???
6/3/2025	Rekl@ma (FB)	kirim	3810597	
6/3/2025;O'qituvchi oyligi;kirim;896103;
6/3/2025,O'qituvchi oyligi,Oylik,2407464,
6/3/2025,Suv,expense,669134,
6/3/2025,Havo sovutgich,income,4463057,
6/3/2025	Reklama (FB)	???	2353488	
6/3/2025	Ta'mirlash	tushum	554321	
7-Mar-2025,Kantselyariya,Oylik,2417949,
2025.3.8,Internet,expense,2555179,
2025.3.8;O'qituvchi oyligi;income;4185217;
2025.3.8,Soliqlar,Oylik,UZS 3294136,
9/3/2025|Yangi parta|Ijara|4473429|???
9/3/2025,Kofebreyk,expense,2645223,???
9/3/2025	Ta'mirlash	Oylik	2607260	
9/3/2025,Reklama (FB),income,UZS 2785863,
2025-03-11,Havo sovutgich,???,3511828,
2025-03-11,Ta'mirlash,Soliq,3392209,
2025-03-11,Mebel,tushum,831026,
2025-03-11,Havo sovutgich,tushum,74091,
2025-03-11,Oylik to'lov,kirim,2337655,???
2025-03-12,Mebel,tushum,4230928,
2025-03-12	Elektr	2263117
2025-03-14,Bonus,rasxod,819917,???
2025-03-15,Suv,kirim,4033478,???
2025-03-15|Internet|kirim|1640873|
2025-03-15	Mebel	expense	195469	
2025-03-15|Oylik to'lov|expense|3542312|
2025-03-15;Reklama (FB);ijara;~3086496;
2025-03-17;Elektr;Ijara;3731971;
2025-03-17,Havo sovutgich,Ijara,1452968,
2025-03-17,Ta'mirlash,Ijara,1399259,
2025-03-18|Internet|chiqim|3100026|???
2025-03-18;Internet;expense;UZS 3300378;
2025-03-18;Ta'mirlash;???;4774104;???
2025-03-18|Marketing|Oylik|4 075 582|
20/3/2025,Havo sovutgich,income,4646815,
20/3/2025;Internet;Unknown;2805053;???
21-Mar-2025	Havo sovutgich	Oylik	3148958	
21-Mar-2025;Bino ijarasi;Oylik;3921835;
21-Mar-2025,O'qituvchi oyligi,Unknown,2315601,
21-Mar-2025,Soliqlar,Oylik,~2836596,
22/3/2025,Internet,???,3626611,
22/3/2025;Mebel;Unknown;1475128;???
2025-03-23;Yangi parta;???;~3733601;???
2025-03-23;M@rketing;???;2917828;
2025-03-23|Shtraf|kirim|2883674|
2025-03-23;Mebel;kirim;4991360;
2025-03-23,Bino ijarasi,Soliq,713319,Izoh,XatoUstun
2025-03-23,Kofebreyk,???,2696735,???
2025-03-24	Oylik to'lov	Oylik	2389563	
2025-03-24|Shtraf|Soliq|4.3 mln|
2025-03-24;Suv;soliq;3 660 204;
25/3/2025,Internet,???,3307365,
25/3/2025;Marketing;Oylik;2280247;Izoh;XatoUstun
2025-03-26|Kofebreyk|Soliq|3061158|
2025-03-26,Bino ijarasi,rasxod,166610,
2025-03-26,Mebel,tushum,4.1 mln,???
2025-03-26	Havo sovutgich	tushum	4893922	???
2025-03-26,Marketing,Soliq,4705800,???
2025-03-26,B0nus,income,707236,
2025-03-26	Reklama (FB)	expense	~1657078	???
2025.3.27	Internet	Oylik	3824858	
2025.3.27;Ta'mirlash;Ijara;2316161;
2025.3.27,Shtraf,Ijara,4333309,???
2025.3.27,Soliqlar,Oylik,2864029,
2025.3.27,Oylik to'lov,chiqim,0.4 mln,
2025.3.27,Mebel,rasxod,2.0 mln,???
2025.3.27,Havo sovutgich,soliq,1051000,???
NOT_A_DATE,ERROR,CRASH,0,System failure message inserted here
2025-03-28|Bonus|kirim|2125029|
2025-03-28|Havo sovutgich|ijara|1 063 551|???
2025-03-28	Oylik to'lov	3095149
2025-03-28|Kantselyariya|chiqim|4715927|
29/3/2025|Kofebreyk|chiqim|4293007|
29/3/2025;O'qituvchi oyligi;income;3151273;
29/3/2025,Shtraf,Soliq,1386221,???
30-Mar-2025|O'qituvchi oyligi|kirim|3813562|
30-Mar-2025;Marketing;Oylik;3579748;???
30-Mar-2025	Bonus	Oylik	2 347 673	
30-Mar-2025|Elektr|rasxod|2 047 980|???
30-Mar-2025,Y@ngi parta,income,4691422,???
30-Mar-2025|Elektr|Oylik|UZS 78991|
2025-03-31,O'qituvchi oyligi,Unknown,1978308,
2025-03-31	Kofebreyk	???	661125	
2025-04-01;Y@ngi parta;chiqim;2269620;???
2025-04-01,Kofebreyk,3.0 mln
2025-04-01|Internet|expense|UZS 3346027|
2-Apr-2025|Oylik to'lov|Oylik|4731064|???
2-Apr-2025	Kantselyariya	Oylik	1559013	
2-Apr-2025|Suv|chiqim|2024532|Izoh|XatoUstun
2-Apr-2025,Shtraf,Ijara,3 931 033,
3-Apr-2025,Bonus,Soliq,3911695,
3-Apr-2025,Suv,Unknown,2430144,
3-Apr-2025,Soliqlar,expense,2551543,
4/4/2025,Kofebreyk,Ijara,UZS 714899,
4/4/2025|Havo sovutgich|income|3204368|
4/4/2025;Mebel;Unknown;1496503;???
4/4/2025;K@ntselyariya;Oylik;1693069;
4/4/2025;Yangi parta;UZS 4364604
4/4/2025,Bonus,expense,1346492,
2025.4.5,Soliqlar,chiqim,771766,???
2025.4.6;O'qituvchi 0yligi;Soliq;1827539;???
2025.4.6|Kantselyariya|Ijara|355829|
2025.4.6;Elektr;income;552693;
2025.4.6|Bino ijarasi|Ijara|515890|
2025.4.6,Kofebreyk,income,1662424,
2025.4.6,Mebel,Ijara,1443890,
2025.4.6,Yangi parta,chiqim,1331682,???
7/4/2025	H@v0 sovutgich	Ijara	786441	???
7/4/2025	Shtraf	rasxod	4299692	???
7/4/2025	Elektr	chiqim	2 412 461	???
8/4/2025,Havo sovutgich,tushum,2638015,???
8/4/2025	Yangi parta	kirim	600707	
8/4/2025	Bonus	Unknown	UZS 3116193	
8/4/2025,Reklama (FB),chiqim,2353860,
2025.4.9,Kantselyariya,soliq,61396,Izoh,XatoUstun
--- BU KUN YOZILMAGAN ---
2025-04-11,Bino ijarasi,Unknown,3072865,
12-Apr-2025,Elektr,Oylik,2047911,
12-Apr-2025,Soliqlar,Unknown,1234437,
12-Apr-2025;Reklama (FB);expense;~631797;???
12-Apr-2025;Bino ijarasi;kirim;3951762;
12-Apr-2025,Oylik to'lov,rasxod,3632808,
2025.4.13|Havo sovutgich|expense|3662640|
2025.4.13,Kofebreyk,kirim,3340931,???
2025.4.13	Shtraf	Soliq	4131379	
2025.4.13,Yangi parta,tushum,1472498,
2025.4.13,Mebel,Ijara,801506,
2025.4.13	Reklama (FB)	Ijara	2776931	???
14/4/2025;Oylik to'lov;expense;2517588;
2025-04-15|Soliqlar|expense|UZS 4244507|
2025-04-15,Bonus,Soliq,UZS 4049433,???
2025-04-15|Reklama (FB)|???|UZS 2504992|
2025-04-15	Kantselyariya	Soliq	4170395	
2025-04-15	O'qituvchi oyligi	tushum	4961875	
2025-04-15,Kofebreyk,???,1489829,
2025-04-15	Reklama (FB)	chiqim	UZS 2267265	
16/4/2025,Soliqlar,rasxod,5044361,
16/4/2025,Oylik to'lov,rasxod,3107305,
16/4/2025	Ta'mirlash	income	324897	???
16/4/2025|S0liql@r|Ijara|4972618|
16/4/2025,O'qituvchi oyligi,chiqim,1841251,
16/4/2025|Marketing|rasxod|2952617|
16/4/2025,Reklama (FB),Oylik,378053,
2025.4.17	Bino ijarasi	Soliq	90011	
2025.4.17;Bino ijarasi;???;3105896;
2025.4.17;Reklama (FB);Unknown;4824578;
2025-04-18|Kantselyariya|chiqim|3659967|
2025-04-18|Bonus|???|4563041|
2025-04-18,Yangi parta,Ijara,2.7 mln,
19/4/2025;Bonus;Unknown;592385;???
19/4/2025|Y@ngi parta|tushum|3517286|
19/4/2025,Havo sovutgich,Oylik,3031404,
19/4/2025,Suv,expense,2251889,
2025.4.20;Kantselyariya;rasxod;1243892;???
2025.4.20	Internet	rasxod	5021589	
2025.4.20,Elektr,kirim,2791194,
2025.4.20;Ta'mirlash;expense;0.4 mln;
2025.4.20|Soliqlar|income|UZS 1482394|
2025.4.20,Bonus,Oylik,3958386,
2025.4.20	Internet	rasxod	770184	
23/4/2025,Marketing,Ijara,3044753,???
23/4/2025|O'qituvchi oyligi|tushum|1874296|???
23/4/2025,Elektr,chiqim,3825380,
23/4/2025	O'qituvchi oyligi	tushum	1212604	
23/4/2025|Soliqlar|Unknown|1145772|
2025.4.24,Havo sovutgich,kirim,2318475,???
2025.4.24;Elektr;expense;725447;
2025.4.24|Kantselyariya|Soliq|3843233|???
2025.4.24,Suv,rasxod,4278141,
25/4/2025;Suv;rasxod;3060808;
25/4/2025,Kantselyariya,tushum,1321408,
26/4/2025|Soliqlar|???|2802497|
26/4/2025,Internet,chiqim,261293,
26/4/2025,Marketing,chiqim,4 299 892,???
28/4/2025,Suv,Soliq,4286259,
28/4/2025	O'qituvchi oyligi	chiqim	4055489	
28/4/2025;Reklama (FB);rasxod;3257024;???
28/4/2025,O'qituvchi oyligi,???,3084514,
28/4/2025,Suv,Oylik,2009069,
28/4/2025,Suv,Oylik,2668808,???
28/4/2025;Havo sovutgich;Soliq;509870;
2025-04-29|Bonus|Ijara|UZS 2073992|???
2025-04-29,Internet,1422504
2025-04-29,Marketing,Soliq,2831464,
2025-04-29,Yangi parta,kirim,3516204,
2025-04-29,Ta'mirlash,Ijara,3700544,
2025-04-29	O'qituvchi oyligi	Unknown	4240890	
2025-04-29,Ta'mirlash,income,4449964,
2025-04-30|Kofebreyk|Ijara|3515800|???
2025-04-30,O'qituvchi oyligi,expense,4653093,
2025-04-30|Bino ijarasi|income|0.9 mln|
2025-04-30;Elektr;Soliq;3574293;
2025-04-30	Marketing	rasxod	1.2 mln	
2025-04-30,Y@ngi parta,income,~1816330,???
2025-04-30	O'qituvchi oyligi	tushum	3658054	
1-May-2025,Shtraf,kirim,~1846371,
1-May-2025|Elektr|chiqim|980644|???
1-May-2025,Soliqlar,tushum,1953011,???
2025.5.2	Internet	Unknown	3973294	
2025.5.2	Elektr	Oylik	3128208	
2025.5.2,Havo sovutgich,kirim,203837,???
2025.5.2	Havo sovutgich	Soliq	2.0 mln	
4-May-2025,Ta'mirlash,soliq,1546983,
4-May-2025,Reklama (FB),Oylik,4549758,???
4-May-2025;Bonus;kirim;4167566;
4-May-2025;Marketing;chiqim;1035969;
5/5/2025	Yangi parta	Unknown	4 520 288	
5/5/2025,Suv,tushum,2886542,
5/5/2025|Shtraf|???|2035217|Izoh|XatoUstun
5/5/2025,Kofebreyk,kirim,943923,???
3/4/2024,Internet,expense,2983334,
5/5/2025,Elektr,3 802 754
2025-05-06,O'qituvchi oyligi,Ijara,1695635,Izoh,XatoUstun
2025-05-07,Mebel,Soliq,1 519 300,???
8/5/2025	O'qituvchi oyligi	Ijara	4830559	???
8/5/2025	O'qituvchi oyligi	Soliq	2987901	???
9/5/2025	Bin0 ij@rasi	rasxod	3296926	???
9/5/2025,Yangi parta,Ijara,75342,???
9/5/2025;Bino ijarasi;income;~4748785;
9/5/2025,Shtraf,Unknown,918046,???
2025.5.11,Bonus,expense,3047315,
2024-06-08|Mebel|soliq|~2921073|
2025.5.11,Shtraf,oylik,4 636 178,
2025.5.11,Elektr,???,4118562,
2025.5.12;Bonus;???;364179;???
2025.5.13,Shtraf,expense,4741072,
2025.5.13;Havo sovutgich;tushum;1450774;
2025.5.13	Elektr	kirim	3932124	???
2025.5.13	Kofebreyk	expense	4.8 mln	
2025.5.13,H@v0 sovutgich,rasxod,3312124,
2025-05-14;O'qituvchi oyligi;rasxod;479691;???
2025.5.15|Mebel|tushum|2893725|
2025.5.15,O'qituvchi oyligi,expense,73293,???
2025.5.15,Marketing,kirim,525713,???
2025.5.15,Havo sovutgich,rasxod,2748657,
NOT_A_DATE,ERROR,CRASH,0,System failure message inserted here
2025-05-17|Shtraf|???|1927411|
2025-05-17,Kantselyariya,tushum,5029048,???
2025-05-17	Yangi parta	Ijara	4106495	
12/8/2025,Kofebreyk,tushum,2 400 653,
2025.5.18	Bonus	income	2817816	
2025.5.18,Suv,Ijara,1066312,
2025.5.19,Marketing,Oylik,4302972,
2025.5.19;Shtraf;expense;3564271;???
2025-01-20,Mebel,expense,1206857,
2025.5.19;Suv;rasxod;1804901;???
20/5/2025|Kofebreyk|Ijara|4042576|???
21/5/2025,Kantselyariya,expense,1 341 443,
23-May-2025,Havo sovutgich,tushum,UZS 3972705,???
2025-05-24|Mebel|rasxod|4658202|
2025-05-24	Marketing	chiqim	2328800	
2025-05-24,Bino ijarasi,Oylik,4293554,???
2025-05-24|T@'mirlash|expense|2517416|
2025-05-24,Shtraf,tushum,2443476,
2025-05-24,Bino ijarasi,expense,1522537,???
2025.5.25;Internet;Oylik;3918862;Izoh;XatoUstun
2025.5.25|Kofebreyk|Unknown|951918|???
26-May-2025|Bonus|chiqim|4974613|
26-May-2025,Elektr,income,3.7 mln,
26-May-2025	Reklama (FB)	income	1392449	
26-May-2025	Mebel	Unknown	3548614	???
26-May-2025|Mebel|Soliq|4808419|
26-May-2025,Suv,ijara,2412182,???
26-May-2025,Kofebreyk,tushum,3 760 651,
--- BU KUN YOZILMAGAN ---
--- BU KUN YOZILMAGAN ---
30/5/2025,Shtraf,income,2508353,
30/5/2025|Havo sovutgich|Unknown|1944632|???
30/5/2025,Reklama (FB),Oylik,969814,
30/5/2025,B0nus,Unknown,3247875,
31-May-2025	Mebel	chiqim	3049123	???
31-May-2025|Yangi parta|Ijara|2982938|
31-May-2025	Havo sovutgich	kirim	3917905	
31-May-2025|Yangi parta|income|UZS 1294446|
31-May-2025,Soliqlar,Ijara,3264436,
31-May-2025,Reklama (FB),rasxod,3951317,
3-Iyun-2025,Soliqlar,Oylik,362867,
3-Iyun-2025,K@ntselyariya,chiqim,3222659,???
3-Iyun-2025,Ta'mirlash,Oylik,160074,
2025-02-02,Elektr,income,1044419,
3-Iyun-2025,Bonus,kirim,1164875,???
3-Iyun-2025,Mebel,unknown,UZS 500530,
5/6/2025	Bino ijarasi	4972258
5/6/2025|Shtraf|rasxod|374549|
5/6/2025|Yangi parta|Ijara|3354714|
5/6/2025|Soliqlar|expense|1551780|
5/6/2025,Marketing,Unknown,3499669,
5/6/2025;K0febreyk;income;2154389;
2025.6.6,S0liql@r,???,2605856,???
2025.6.6,Reklama (FB),tushum,234 061,
2025.6.6|Mebel|expense|4084646|
2025.6.6|Kofebreyk|Soliq|1193590|???
2025.6.6|Y@ngi parta|???|~588788|Izoh|XatoUstun
2025.6.6,Oylik to'lov,income,2720629,???
2025.6.6,Bino ijarasi,Soliq,4007884,
2025.6.7|Rekl@ma (FB)|chiqim|4939912|???
--- BU KUN YOZILMAGAN ---
9/6/2025|Elektr|Soliq|950537|???
9/6/2025,Yangi parta,Unknown,715434,
9/6/2025|Bino ijarasi|Unknown|3.9 mln|
9/6/2025,Havo sovutgich,oylik,2737950,???
9/6/2025|Soliqlar|tushum|4061575|
2025-06-10,Kantselyariya,rasxod,573531,
2025-06-10,Ta'mirlash,expense,UZS 3547584,
11/6/2025,Kantselyariya,chiqim,3101760,
11/6/2025,Suv,rasxod,4421696,
11/6/2025,Internet,Oylik,4953629,Izoh,XatoUstun
11/6/2025;Bin0 ij@rasi;kirim;3368876;
11/6/2025	Mebel	Unknown	63555	???
11/6/2025,Mebel,Unknown,~2798485,
11/6/2025,Reklama (FB),tushum,1160872,???
2025.6.12	Bino ijarasi	chiqim	4888633	???
2025.6.12	Kantselyariya	Unknown	2975874	
2025.6.12,Marketing,expense,4455822,
2025.6.12;Elektr;tushum;3015650;???
2025.6.12,Reklama (FB),???,~1728267,
2025.6.12,Kantselyariya,expense,3044951,
13-Iyun-2025,Suv,chiqim,1984943,???
13-Iyun-2025;Soliqlar;ijara;776912;
14-Iyun-2025,Kofebreyk,expense,747108,
14-Iyun-2025,Suv,expense,4.6 mln,
14-Iyun-2025,Marketing,chiqim,1082398,
14-Iyun-2025,Internet,income,1494285,
14-Iyun-2025,Soliqlar,2515131
2025-06-15,Suv,Unknown,1906978,
2025-06-15,Ta'mirlash,Ijara,~3255880,
2025-06-15,Ta'mirlash,soliq,UZS 3420263,
2025-06-15	Marketing	~232344
2025-06-15	Kofebreyk	Oylik	UZS 2036413	???
16/6/2025;Marketing;Oylik;4019608;???
16/6/2025,Kofebreyk,tushum,3979921,
16/6/2025,Kofebreyk,expense,2597531,
16/6/2025,Shtraf,???,2959143,
2025-06-20;S0liql@r;kirim;4079957;
2025-06-20|Elektr|kirim|3335937|???
2025-06-20,Kofebreyk,Unknown,2168349,
2025-06-20,Mebel,income,1208465,
2025-06-20,Bonus,expense,0.4 mln,
2025-06-20,Oylik to'lov,Oylik,UZS 874504,???
2025-06-20	Mebel	Oylik	1827706	
2025-06-21|Suv|rasxod|4 524 349|Izoh|XatoUstun
2025.6.23,Marketing,chiqim,4217547,Izoh,XatoUstun
2025.6.23,Bonus,rasxod,1837421,
2025-06-24|Yangi parta|rasxod|3380901|
2025-06-24|B0nus|???|479780|Izoh|XatoUstun
25/6/2025,Ta'mirlash,tushum,1508865,
25/6/2025	Kofebreyk	tushum	2317541	
25/6/2025|Bin0 ij@rasi|rasxod|2334753|
2025.6.27|Bino ijarasi|chiqim|4975862|
2025.6.27;Marketing;chiqim;2604514;
2025.6.27|H@v0 sovutgich|Soliq|1692877|???
2025.6.27,Ta'mirlash,Unknown,3 500 578,
2025.6.27,Havo sovutgich,Soliq,4098154,
2025.6.27|Yangi parta|kirim|2179397|???
28/6/2025;Oylik to'lov;???;4962518;
28/6/2025,O'qituvchi oyligi,Unknown,UZS 571471,???
28/6/2025,Yangi parta,expense,366819,???
28/6/2025,Shtraf,income,4132878,
28/6/2025	Elektr	???	3367775	
28/6/2025,Ta'mirlash,rasxod,3147324,
29/6/2025|Suv|tushum|1317103|
29/6/2025,Havo sovutgich,tushum,622196,
29/6/2025,Kantselyariya,income,4561033,???
29/6/2025|Yangi parta|expense|4626026|???
29/6/2025,Ta'mirlash,Soliq,708799,???
29/6/2025,Bonus,4581465
29/6/2025;Internet;Unknown;889354;
2025.6.30,M@rketing,income,4074264,
2025.6.30,B0nus,expense,2298380,
2025.6.30,Ta'mirlash,Ijara,1327395,
2025.6.30,Suv,chiqim,4282949,
2025.6.30,Elektr,Unknown,2048357,
2025.6.30,K@ntselyariya,oylik,4949971,???
2025.6.30,Soliqlar,kirim,2861956,???
1/7/2025;Mebel;expense;2712579;
1/7/2025,Ta'mirlash,expense,3186902,
1/7/2025;Havo sovutgich;???;210139;
1/7/2025,Soliqlar,tushum,458944,
1/7/2025,O'qituvchi oyligi,Ijara,869037,
1/7/2025;Mebel;???;1902643;
2-Iyul-2025	Suv	income	1402161	
2-Iyul-2025,O'qituvchi oyligi,Soliq,4709067,
3-Iyul-2025|Bino ijarasi|chiqim|UZS 1329182|
3-Iyul-2025,Bonus,Soliq,3649877,???
3-Iyul-2025;Soliqlar;???;773561;
3-Iyul-2025	Mebel	rasxod	~4953835	???
3-Iyul-2025,Internet,kirim,4829571,
3-Iyul-2025|Yangi parta|oylik|2573694|
2025-07-04;Bonus;Soliq;1374681;
2025-07-04,Kofebreyk,income,4149904,
2025-07-04;Bino ijarasi;chiqim;164321;
2026-01-19,S0liql@r,income,1792702,
2025-07-04	Bino ijarasi	expense	1462632	
5/7/2025	Shtr@f	income	2318988	???
5/7/2025,Elektr,kirim,2516861,???
5/7/2025,Mebel,income,~702739,
5/7/2025,Ta'mirlash,income,1791854,
5/7/2025	O'qituvchi oyligi	expense	787593	
5/7/2025,Shtraf,???,1639640,
5/7/2025,Mebel,Unknown,2322560,???
NOT_A_DATE,ERROR,CRASH,0,System failure message inserted here
2025-07-06,Oylik to'lov,rasxod,4741628,???
2025-07-06	Mebel	???	611367	
2025-07-06,Mebel,kirim,5014469,
2025-07-06,Elektr,Unknown,3845159,
2025-07-06;Ta'mirlash;income;~1552833;
2025-07-06,Kantselyariya,3289446
2025-07-06,Suv,expense,2263953,???
2025-07-09;Shtraf;Unknown;744087;???
2025-07-09	Bonus	Oylik	956465	
2025.7.10;Ta'mirlash;chiqim;2193526;
2025.7.10|Shtraf|kirim|1512066|???
2025.7.10|Kofebreyk|kirim|1924265|
2025.7.11|K0febreyk|tushum|4217955|???
2025.7.11	Kofebreyk	chiqim	3036403	
2025.7.11,Havo sovutgich,Oylik,3176233,
2025.7.11	Shtraf	kirim	2575634	
2025.7.11	Soliqlar	tushum	1414171	
2025.7.11;Elektr;chiqim;1441682;
2025.7.12,K@ntselyariya,???,2383167,
2025.7.12|Elektr|Oylik|~1223208|
2025-07-13;Yangi parta;tushum;1703586;
2025-07-13,Reklama (FB),kirim,495591,
2025-07-14|Havo sovutgich|ijara|543139|
2025-07-16	Shtraf	Soliq	4936959	
2025-07-16|Havo sovutgich|chiqim|4232589|
2025-07-16,O'qituvchi oyligi,kirim,4750585,???
2025-07-17,O'qituvchi oyligi,chiqim,2842174,
2025-07-17	Y@ngi parta	kirim	3676752	
2025-07-17,Havo sovutgich,Ijara,~580216,???
2025-07-17,Mebel,Oylik,UZS 2073524,
2025-07-17;Reklama (FB);tushum;119736;Izoh;XatoUstun
18-Iyul-2025|H@v0 sovutgich|???|4708573|
2025-07-19,Elektr,Unknown,4215857,???
2025-07-19;Yangi parta;rasxod;2910029;
20/7/2025;Yangi parta;expense;786078;
20/7/2025,O'qituvchi oyligi,unknown,1392148,
20/7/2025,Mebel,Soliq,3 263 402,
20/7/2025|Shtraf|???|UZS 3066262|???
20/7/2025,Oylik to'lov,tushum,537 361,
20/7/2025|Mebel|income|971909|
20/7/2025;Mebel;???;~2841554;???
2025.7.21;Marketing;chiqim;3681854;
2025.7.21,Havo sovutgich,Oylik,~876172,
2025-07-22;Kofebreyk;Unknown;963825;
2025-07-22,Mebel,ijara,4722424,
2025-07-22|Oylik to'lov|Soliq|4899851|
2025-07-22,Soliqlar,???,3950614,
2025-07-22,Reklama (FB),???,960385,
2025-07-22|Soliqlar|chiqim|940903|
2025-07-22	Reklama (FB)	income	4591270	
2025-12-18,Mebel,income,4177423,
24/7/2025,Oylik to'lov,kirim,4636760,???
24/7/2025	Internet	tushum	3.6 mln	
24/7/2025,Reklama (FB),???,135334,
24/7/2025	Soliqlar	expense	UZS 889283	
24/7/2025,Bonus,tushum,1215651,
24/7/2025|Oylik t0'lov|expense|4531569|
26-Iyul-2025,Shtraf,income,1846303,
27/7/2025,Elektr,tushum,3546296,
27/7/2025|Havo sovutgich|tushum|4622174|
27/7/2025,Internet,kirim,3 543 953,???
2025-07-28;Rekl@ma (FB);chiqim;1890599;???
2025-07-28,K0febreyk,Ijara,3177659,Izoh,XatoUstun
2025-07-28,Shtraf,rasxod,3240722,
2025-07-28,Havo sovutgich,Soliq,~894405,
2025-07-29;Shtraf;4835664
2025-07-29,Internet,???,1.2 mln,???
2025-07-29;Havo sovutgich;tushum;2256546;
2025-07-29,Elektr,income,1456787,
2025.7.30;Reklama (FB);rasxod;~4363984;
2025.7.30,Mebel,Unknown,1750315,
2025.7.30,Bonus,expense,5000208,
2025.7.30,Marketing,Soliq,1201484,
2025.7.30,Suv,tushum,116766,
2025.7.30	Suv	???	3820464	
2025.7.31,Elektr,oylik,4310695,???
2025.7.31,Kantselyariya,expense,2901928,???
2025.7.31,Elektr,tushum,1.2 mln,
2025.7.31,H@v0 sovutgich,Unknown,2949932,???
2025.7.31|Shtraf|kirim|3258928|
1-Avg-2025,B0nus,Oylik,3302993,
1-Avg-2025|Soliqlar|expense|2544435|
1-Avg-2025,Marketing,rasxod,2362329,???
1-Avg-2025;Bino ijarasi;???;4 127 109;
1-Avg-2025;Oylik to'lov;chiqim;3220046;
2025-08-02,Havo sovutgich,Oylik,4132474,
2025-08-02,S0liql@r,Unknown,4103821,
2025-08-02	Suv	kirim	222927	
2025-08-02,Oylik to'lov,Oylik,2175313,???
2025-08-02;Soliqlar;Unknown;3691766;???
2025-08-02,K0febreyk,income,4030187,
3/8/2025,Bonus,kirim,~2916194,
3/8/2025	O'qituvchi oyligi	income	1870746	
2025-08-04	Bino ijarasi	rasxod	2.0 mln	???
5-Avg-2025,Havo sovutgich,tushum,668180,???
5-Avg-2025	Kofebreyk	Unknown	2572072	Izoh	XatoUstun
5-Avg-2025	Bin0 ij@rasi	chiqim	3445970	???
6-Avg-2025,Bino ijarasi,???,4786288,???
6-Avg-2025,Yangi parta,oylik,2742575,
6-Avg-2025	Mebel	kirim	0.2 mln	
6-Avg-2025|Ta'mirlash|chiqim|4079116|???
6-Avg-2025;Bonus;income;4049075;
6-Avg-2025,Yangi parta,chiqim,4370119,
6-Avg-2025,Ta'mirlash,rasxod,574905,
2025.8.7|Yangi parta|income|871627|
2025.8.7,Yangi parta,Soliq,UZS 2977464,
2025.8.7|Kofebreyk|Unknown|1004487|
2025.8.7,O'qituvchi oyligi,Oylik,1914682,
2025.8.7|Bino ijarasi|ijara|0.9 mln|
2025.8.7,Reklama (FB),chiqim,794949,
2025.8.7,Reklama (FB),chiqim,2997197,
2025-08-08,O'qituvchi oyligi,Unknown,629952,
2025-08-08;Shtraf;tushum;~990595;
2025-08-08|Mebel|Soliq|993110|???
2025-08-08,Oylik to'lov,Oylik,UZS 4493614,
2025-08-08;Bonus;Unknown;1749314;
2025-08-08;Elektr;Unknown;3363385;
2025-08-08	Marketing	rasxod	1406218	
2025-08-09	Yangi parta	Unknown	2581139	
2025-08-09,Soliqlar,4679199
2025-08-09,Ta'mirlash,???,2991952,
2025-08-09,Mebel,Ijara,3875209,???
2025-08-09;Bonus;Soliq;3582358;
2025-08-09	Elektr	expense	1763688	
2025-08-09	Bino ijarasi	rasxod	3.8 mln	???
10-Avg-2025,Internet,Oylik,2782108,
10-Avg-2025;Marketing;rasxod;4.5 mln;
10-Avg-2025|Oylik t0'lov|expense|1964440|
10-Avg-2025	Shtraf	expense	4515402	
10-Avg-2025,Shtraf,rasxod,4919444,
2025-08-11,Yangi parta,tushum,1844596,
2025-08-11,Yangi parta,expense,2628863,
2025-08-11,Ta'mirlash,Soliq,214938,
2025-08-11	T@'mirlash	2426937
2025-08-11;Bino ijarasi;Ijara;3716670;
12/8/2025|O'qituvchi 0yligi|kirim|353283|
12/8/2025,Mebel,Soliq,4160337,
12/8/2025,Mebel,oylik,~750819,
2025.5.18,Soliqlar,Ijara,UZS 2974328,
2024-09-07,O'qituvchi oyligi,ijara,3 925 773,???
13/8/2025	Soliqlar	???	~1159696	???
13/8/2025,O'qituvchi oyligi,Unknown,1521264,
13/8/2025,Marketing,kirim,2780982,
14-Avg-2025,Havo sovutgich,kirim,2001194,
15/8/2025,Internet,rasxod,513980,???
15/8/2025	Suv	Soliq	69 250	
15/8/2025;Suv;income;1801981;
15/8/2025;Oylik to'lov;expense;3772192;
15/8/2025,Reklama (FB),income,240742,
15/8/2025	Yangi parta	unknown	2.9 mln	
16-Avg-2025|Bonus|expense|3531591|
16-Avg-2025,S0liql@r,Unknown,1868939,
16-Avg-2025,Yangi parta,Soliq,4466605,
16-Avg-2025;Suv;3466209
2025-08-18	Suv	Ijara	1.0 mln	???
2025-08-18,Suv,income,2.5 mln,
19/8/2025|Kofebreyk|income|1895785|
19/8/2025	Reklama (FB)	chiqim	623860	
19/8/2025,Ta'mirlash,unknown,1751479,
19/8/2025|Ta'mirlash|???|1463834|
19/8/2025,Bonus,Oylik,4.3 mln,???
19/8/2025,Elektr,rasxod,1025553,???
19/8/2025;Oylik to'lov;rasxod;3 897 943;
21/8/2025,Marketing,rasxod,3567652,
21/8/2025|Elektr|Ijara|4033230|???
21/8/2025,Internet,chiqim,2971495,
21/8/2025|Ta'mirlash|tushum|3.8 mln|???
21/8/2025|Ta'mirlash|chiqim|4884538|
2025-08-22,Yangi parta,Unknown,1547251,
2025-08-22	Yangi parta	chiqim	952751	
2025-08-22,Soliqlar,income,3953982,
23-Avg-2025	Bino ijarasi	Soliq	~4477628	
2025.8.24,Bino ijarasi,income,1576634,
2025.8.24,Havo sovutgich,???,4 298 344,
NOT_A_DATE,ERROR,CRASH,0,System failure message inserted here
--- BU KUN YOZILMAGAN ---
26/8/2025	Bino ijarasi	Soliq	2 611 098	
26/8/2025,Ta'mirlash,income,1539080,
26/8/2025,Soliqlar,kirim,~256162,
27-Avg-2025|Oylik to'lov|???|1442630|
27-Avg-2025;O'qituvchi oyligi;expense;4 193 413;
27-Avg-2025,Internet,tushum,2641511,???
27-Avg-2025,O'qituvchi oyligi,kirim,102914,???
27-Avg-2025,Internet,Ijara,3631582,
27-Avg-2025,Shtraf,chiqim,3851607,
27-Avg-2025	Kantselyariya	kirim	4668188	
2025-08-28,Soliqlar,Soliq,UZS 3569095,???
2025-08-28	Oylik to'lov	???	292 950	
2025-08-28,Mebel,income,823272,
2025-08-29,Oylik to'lov,Unknown,4987824,
2025-08-29;Shtr@f;chiqim;1884599;
2025-08-29,M@rketing,chiqim,4622990,
2025-08-29,Reklama (FB),chiqim,4406939,???
30/8/2025,Havo sovutgich,kirim,5032544,
30/8/2025,Kofebreyk,Unknown,~4519723,
30/8/2025|Kofebreyk|Soliq|1254290|
--- BU KUN YOZILMAGAN ---
2025-09-02,Oylik to'lov,Unknown,2104884,???
2025-09-02,Bonus,kirim,4745824,
2025-09-02,Oylik to'lov,chiqim,2167882,???
2025-09-02	Elektr	tushum	0.4 mln	???
2025-09-04,Kofebreyk,kirim,4625894,???
2025-09-04,Soliqlar,unknown,3017259,
2025-09-04,B0nus,kirim,3285545,
2025-09-04;Ta'mirlash;income;4660029;
2025-09-04	O'qituvchi oyligi	income	2503463	
5-Sen-2025|Suv|income|4.5 mln|
5-Sen-2025	Suv	???	~1546935	
6/9/2025,T@'mirlash,Oylik,1126341,
6/9/2025,Havo sovutgich,rasxod,3438275,???
6/9/2025,Yangi parta,rasxod,3304360,Izoh,XatoUstun
6/9/2025;Reklama (FB);Unknown;1636893;
6/9/2025,Suv,???,124033,???
6/9/2025	Kofebreyk	kirim	167 775	???
6/9/2025|Havo sovutgich|Soliq|2576841|
7-Sen-2025,Ta'mirlash,expense,~4217872,
9-Sen-2025,Mebel,rasxod,3662308,???
9-Sen-2025,Bino ijarasi,???,1552037,
9-Sen-2025;Suv;income;716527;
9-Sen-2025|Kofebreyk|Soliq|UZS 442085|
9-Sen-2025,Internet,tushum,3.9 mln,
2025-09-10,Oylik to'lov,rasxod,1650113,
2025-09-10,Kofebreyk,chiqim,3012513,
2025-09-10,Shtraf,Oylik,1487947,
2025-09-11	Yangi parta	income	1287645	
2025-09-11,Ta'mirlash,rasxod,~4947378,???
2025-09-11;O'qituvchi oyligi;Oylik;4852280;
2025-09-12,Yangi parta,income,UZS 4696088,
2025-09-12,O'qituvchi oyligi,kirim,4634799,
2025-09-12|K0febreyk|income|UZS 3770116|
2025-09-12,O'qituvchi oyligi,rasxod,4631711,
2025-09-12|Soliqlar|Unknown|888011|???
2025-09-13	Kantselyariya	Ijara	4725922	
2025-09-13|Ta'mirlash|Ijara|3617986|???
2025-09-13,Soliqlar,rasxod,4970634,???
2025-09-13|Marketing|expense|~3674569|Izoh|XatoUstun
2025-09-13,Reklama (FB),kirim,4701345,
--- BU KUN YOZILMAGAN ---
15/9/2025	O'qituvchi oyligi	Oylik	4 297 611	
15/9/2025,Mebel,Soliq,2040681,
15/9/2025;O'qituvchi oyligi;Unknown;3213628;
15/9/2025,Elektr,690844
15/9/2025;Elektr;Oylik;4648494;???
16/9/2025	Marketing	chiqim	2502409	???
16/9/2025;Yangi parta;income;4102528;
16/9/2025,Soliqlar,rasxod,3541674,
2025.9.17,Suv,income,4741878,
2025.9.17,Shtraf,kirim,605328,???
2025.9.17,Suv,2872817
2025.9.18,Kantselyariya,???,1366522,
2025.9.18|Bonus|chiqim|3116848|
2025.9.18;Internet;Soliq;1719022;???
2025.9.18;Suv;chiqim;UZS 1419152;
19/9/2025,Internet,income,874095,
20-Sen-2025,B0nus,rasxod,2 229 628,???
20-Sen-2025|Marketing|kirim|2578416|
20-Sen-2025,Kantselyariya,ijara,3411780,???
20-Sen-2025	Shtraf	soliq	2.0 mln	
26/11/2024	Bino ijarasi	expense	3.3 mln	
22/9/2025|Elektr|Ijara|597336|
22/9/2025|Reklama (FB)|Oylik|2043183|
22/9/2025,Ta'mirlash,Soliq,761661,
23/9/2025,Shtraf,Unknown,555083,???
23/9/2025;Ta'mirlash;Soliq;2458417;
23/9/2025,Ta'mirlash,Ijara,232754,Izoh,XatoUstun
23/9/2025,Marketing,income,2194503,
23/9/2025,Oylik to'lov,soliq,2832961,
24-Sen-2025,Bino ijarasi,kirim,2236502,
24-Sen-2025;Elektr;income;462497;
24-Sen-2025,Bonus,Ijara,1545153,
24-Sen-2025,O'qituvchi oyligi,Ijara,4001112,???
24-Sen-2025,Havo sovutgich,???,2113508,
24-Sen-2025,Suv,???,913551,???
2025.9.25,O'qituvchi oyligi,expense,1147331,
2025.9.25|Mebel|???|3273961|???
2025.9.25|Bonus|Soliq|UZS 3973180|
2025.9.25,Marketing,income,~1950124,???
27-Sen-2025,Ta'mirlash,Ijara,4 038 813,
27-Sen-2025,B0nus,expense,2060642,
27-Sen-2025,Marketing,???,3057021,
28/9/2025|Bonus|kirim|1463794|
28/9/2025,Havo sovutgich,Soliq,UZS 3736693,
28/9/2025	Ta'mirlash	income	1266639	
28/9/2025|Kantselyariya|rasxod|3410047|???
28/9/2025;Yangi parta;unknown;3367023;
29-Sen-2025|Bonus|kirim|2389086|???
29-Sen-2025,Bino ijarasi,rasxod,~1824417,
29-Sen-2025,Suv,rasxod,2065157,Izoh,XatoUstun
29-Sen-2025;Suv;chiqim;2017255;
1-Okt-2025,Bonus,rasxod,1949609,
1-Okt-2025,Internet,Soliq,3521927,Izoh,XatoUstun
1-Okt-2025;Kantselyariya;Unknown;4387818;
1-Okt-2025,Bino ijarasi,chiqim,~1308859,???
2-Okt-2025,Kofebreyk,Oylik,1702727,???
2-Okt-2025,Yangi parta,chiqim,4268380,???
2-Okt-2025,Elektr,Unknown,3761198,???
2-Okt-2025;Internet;Oylik;2485463;
3/10/2025;Yangi parta;tushum;3 401 905;
3/10/2025;Havo sovutgich;chiqim;2337748;
3/10/2025,Shtr@f,expense,1567519,
3/10/2025,Internet,Oylik,4753473,???
3/10/2025;T@'mirlash;???;2507229;
3/10/2025,Elektr,Unknown,3653416,???
3/10/2025;Soliqlar;Ijara;4 792 628;
2025-10-04;Ta'mirlash;Oylik;5029800;
2025-10-04;Shtraf;Unknown;179199;
2025-10-04,Yangi parta,Soliq,2076987,
2025-10-04,Oylik to'lov,Oylik,2753849,
2025-10-04|Kofebreyk|Unknown|2318489|
2025-10-05,Reklama (FB),???,2023728,
2025-10-05,Soliqlar,chiqim,1.4 mln,???
2025-10-06,Bino ijarasi,tushum,3851687,
7/10/2025|Kofebreyk|Soliq|3.5 mln|
7/10/2025|O'qituvchi oyligi|Unknown|2735388|???
7/10/2025,Bonus,Ijara,1744153,
7/10/2025|Reklama (FB)|unknown|3155478|
7/10/2025	Mebel	Oylik	3218935	
2025-10-08|Ta'mirlash|income|1013755|
2025-10-08,Internet,kirim,1314453,???
2025-10-08|Internet|expense|3114986|???
2025-10-08	S0liql@r	???	2932602	
2025-10-08,Kantselyariya,tushum,2929157,
2025-10-08,Oylik to'lov,Ijara,4584137,
2025-10-08;K@ntselyariya;Ijara;2765919;
2025.10.9;Shtraf;rasxod;4976621;
2025-10-10;O'qituvchi oyligi;kirim;1054066;
2025-10-10,Bonus,Unknown,1369568,
2025.10.11	Kantselyariya	income	971575	
2025-10-12	Bino ijarasi	Unknown	UZS 1315042	
13/10/2025;Havo sovutgich;Unknown;~1361174;
13/10/2025	Oylik to'lov	tushum	4227925	
13/10/2025,Soliqlar,Soliq,4528389,
13/10/2025|Oylik to'lov|Soliq|839319|
NOT_A_DATE,ERROR,CRASH,0,System failure message inserted here
14-Okt-2025;Shtr@f;tushum;2886838;
14-Okt-2025,Havo sovutgich,chiqim,4985339,
14-Okt-2025	Elektr	kirim	UZS 2572495	
15/10/2025;Marketing;unknown;4124245;
15/10/2025,Kofebreyk,???,1907563,???
15/10/2025,Kantselyariya,Soliq,2596458,???
15/10/2025,Kantselyariya,Ijara,306547,
15/10/2025	Marketing	income	4154498	
15/10/2025|Yangi parta|oylik|1672683|
15/10/2025,Internet,tushum,4217131,???
2025-10-16;Bonus;income;~1503242;
2025-10-17	Bonus	income	4997469	
2025-10-18,Bonus,Oylik,2051132,
2025-10-18,Kofebreyk,Unknown,~4297553,???
2025-10-18,Havo sovutgich,Oylik,3908774,
2025-10-18,Suv,kirim,184981,
2025-10-18;Kofebreyk;tushum;4118958;
2025-10-18,Havo sovutgich,???,2753362,
2025-10-18,Kantselyariya,rasxod,843321,
19-Okt-2025,Suv,Oylik,2924039,
2025-10-20,Mebel,tushum,3353664,
2025-10-20	Mebel	tushum	3445632	
2025-10-20|Oylik to'lov|kirim|UZS 4652991|
2025-10-20,Suv,2951857
2025-10-20,Oylik to'lov,Ijara,UZS 4546868,
2025-10-20|Reklama (FB)|???|4709108|
2025.10.21	Elektr	Oylik	2596422	
22-Okt-2025,Mebel,Ijara,UZS 751444,
22-Okt-2025,Internet,Unknown,1406448,
22-Okt-2025,Elektr,rasxod,2.6 mln,
22-Okt-2025,Reklama (FB),expense,2528924,
22-Okt-2025|Yangi parta|Oylik|3748143|
22-Okt-2025|Kantselyariya|income|3875128|
22-Okt-2025,Bonus,expense,4560909,
23-Okt-2025	Kofebreyk	Soliq	3577789	
23-Okt-2025|Mebel|Ijara|~4711038|???
23-Okt-2025,Kofebreyk,rasxod,3528662,
23-Okt-2025,O'qituvchi oyligi,rasxod,3656773,
23-Okt-2025|Suv|Soliq|779727|
23-Okt-2025|Mebel|Soliq|2150460|
23-Okt-2025	Elektr	income	UZS 4260709	???
--- BU KUN YOZILMAGAN ---
2025.10.25,O'qituvchi oyligi,kirim,3075798,
2025.10.25|Elektr|Ijara|1985771|???
2025.10.25,Bino ijarasi,income,UZS 4317818,
2025.10.25,Marketing,kirim,~3026218,
2025.10.25	Bino ijarasi	tushum	2760043	???
2025.10.25;Internet;???;554866;???
26/10/2025,Bonus,expense,1353590,
26/10/2025,Soliqlar,tushum,2256284,
2025.10.27,Internet,expense,3619201,???
2025.10.27	O'qituvchi 0yligi	kirim	1941614	???
2025-10-28|Yangi parta|???|4633576|???
2025-10-28|Havo sovutgich|Unknown|3051953|
2025-10-28;Soliqlar;Oylik;4898630;???
2025-10-29,Elektr,Ijara,0.7 mln,
2025-10-29	Bonus	income	2292070	???
2025-10-29,Reklama (FB),kirim,2103862,
2025.10.30;Y@ngi parta;Soliq;2.3 mln;
2025.10.30	Soliqlar	kirim	1662687	???
2025.10.30|Shtraf|Soliq|843941|
2025.10.30	Mebel	Soliq	4572846	
2025.10.30;Reklama (FB);income;1423496;
31/10/2025;Yangi parta;rasxod;3478180;
31/10/2025;O'qituvchi oyligi;rasxod;4034674;
31/10/2025|Bonus|chiqim|4918768|
31/10/2025,Suv,4182487
31/10/2025	Elektr	income	UZS 2844753	???
31/10/2025,B0nus,Oylik,2622502,Izoh,XatoUstun
1-Noy-2025,O'qituvchi oyligi,Ijara,4605658,???
1-Noy-2025,O'qituvchi oyligi,expense,1057362,
1-Noy-2025,Ta'mirlash,Oylik,4259754,???
1-Noy-2025,Internet,kirim,4 241 507,
1-Noy-2025|Reklama (FB)|???|~1117303|???
1-Noy-2025	Soliqlar	rasxod	4194954	???
--- BU KUN YOZILMAGAN ---
2025.11.3;B0nus;kirim;UZS 3297141;
2025.11.3;Soliqlar;chiqim;1331390;???
4/11/2025,Marketing,???,4048078,
4/11/2025|Yangi parta|kirim|2619137|???
2025-11-05	Elektr	expense	1665256	???
2025-11-05,Ta'mirlash,Oylik,3626872,???
2025-11-05	Shtraf	tushum	4371445	???
2025-11-05,Yangi parta,Soliq,3163697,
2025-11-05|Oylik to'lov|income|2254328|???
2025-11-05,H@v0 sovutgich,expense,4484173,
2025-11-05;Mebel;rasxod;0.3 mln;
2025-11-06	K@ntselyariya	???	4297998	
2025-11-06,Havo sovutgich,expense,3 236 236,
2025-11-06	B0nus	???	1216228	
2025-11-06	Oylik to'lov	???	923584	
2025-11-07,S0liql@r,income,5046957,???
2025-11-07;Y@ngi parta;Soliq;2307151;
2025-11-07;Kantselyariya;expense;4920969;
8/11/2025|Bonus|tushum|1854937|
8/11/2025,Yangi parta,Oylik,1520387,
9/11/2025,Marketing,soliq,3758196,
9/11/2025,O'qituvchi oyligi,Unknown,3041403,
9/11/2025|Havo sovutgich|Soliq|~1757838|
9/11/2025,O'qituvchi oyligi,expense,1 037 581,
9/11/2025;Internet;Oylik;2885539;???
9/11/2025;Reklama (FB);rasxod;4487438;???
9/11/2025,Marketing,???,1272534,
2025.11.10,Ta'mirlash,expense,2151189,
2025.11.10,Ta'mirlash,expense,UZS 1074335,
2025.11.10|Bonus|tushum|1182279|
2025.11.10,Oylik to'lov,tushum,184983,???
2025.11.10,Ta'mirlash,rasxod,507 802,
2025.11.10,Marketing,chiqim,3052172,???
2025-11-11;Mebel;income;3798657;
2025-11-11	Internet	kirim	1175933	
2025-11-11,Kantselyariya,1002685
2025-11-11,Shtr@f,Oylik,4202010,???
2025-11-11,Suv,Unknown,2108518,
2025-11-12;Marketing;Soliq;4723815;
2025-11-12,Internet,chiqim,969413,???
2025-11-12,Bino ijarasi,expense,982070,???
2025-11-12;Shtraf;tushum;UZS 2429511;
2025-11-12,Soliqlar,Soliq,4163818,
2025-11-12,Bonus,???,795023,???
2025-11-13;O'qituvchi 0yligi;expense;3208083;
2025-11-13;Oylik to'lov;1467403
2025-11-14,Kofebreyk,Ijara,4891348,
2025-11-14,O'qituvchi oyligi,ijara,3120675,???
2025-11-14	Shtraf	Ijara	0.5 mln	???
2025-11-14,Internet,expense,322891,???
2025.11.15	Oylik to'lov	soliq	2431683	???
2025.11.15	Ta'mirlash	tushum	0.1 mln	???
2025.11.15;Soliqlar;Ijara;4949533;
2025.11.15,Bino ijarasi,kirim,UZS 3406799,
16-Noy-2025,Kantselyariya,rasxod,2686583,
16-Noy-2025,Kofebreyk,Soliq,3689652,
2026-01-20;Kantselyariya;Ijara;1114373;???
17/11/2025|Oylik to'lov|income|1297179|???
2025-11-18,Shtraf,rasxod,4295847,
2025-11-18,Kantselyariya,Ijara,4896415,Izoh,XatoUstun
2025-11-18,Shtraf,???,588412,???
2025-11-18	Havo sovutgich	Unknown	4843498	???
2025-11-19;Yangi parta;???;1459424;
2025-11-19|Marketing|income|1591410|???
2025-11-19,Elektr,Soliq,~669793,???
2025-11-19	Yangi parta	rasxod	60511	
2025-11-19|Suv|income|3031794|
2025-11-19|Suv|UZS 2677404
2025-11-19	Kofebreyk	soliq	1773636	
2025-11-20;Shtr@f;Ijara;4680738;???
2025-11-20	Bino ijarasi	Ijara	UZS 361809	Izoh	XatoUstun
2025-11-20,Internet,rasxod,1684713,
21/11/2025	Reklama (FB)	kirim	1306650	
21/11/2025|Elektr|expense|~3687346|
21/11/2025|Suv|???|406 634|
21/11/2025|Soliqlar|kirim|2395988|
2025-11-23,Kofebreyk,rasxod,4021976,
2025-11-23,Soliqlar,expense,1413020,
2025-11-23	Kantselyariya	Oylik	2997046	
2025-11-23;Reklama (FB);Soliq;~4137214;Izoh;XatoUstun
2025-11-23|B0nus|Soliq|664704|
2025-11-23,Kantselyariya,kirim,1553053,???
2025-11-23|Internet|Ijara|1.7 mln|
24-Noy-2025,Mebel,expense,3 558 641,
24-Noy-2025,Ta'mirlash,kirim,2549062,
24-Noy-2025|Oylik to'lov|Unknown|UZS 1466045|
24-Noy-2025;Shtraf;???;3035874;???
25/11/2025	Bonus	Oylik	1.7 mln	
25/11/2025,H@v0 sovutgich,Ijara,~3273851,
25/11/2025,Marketing,Ijara,UZS 4017341,
25/11/2025,Internet,expense,2 319 049,Izoh,XatoUstun
25/11/2025,Elektr,rasxod,3861089,???
2025-11-26;Ta'mirlash;???;4960517;
2025-11-26|Bino ijarasi|4370884
2025-11-26|Soliqlar|chiqim|760235|???
2025-11-26	Shtraf	kirim	240177	???
2025-11-27;Havo sovutgich;expense;3698291;???
2025-11-27,Internet,income,2 652 465,Izoh,XatoUstun
2025-11-27;O'qituvchi oyligi;Ijara;UZS 3117788;
2025-11-27	Bonus	rasxod	2.2 mln	
2025-11-27	Marketing	chiqim	97747	
30/11/2025|Bonus|Oylik|3425907|
2025-11-28,Mebel,Ijara,~3235471,
2025-11-28,Bino ijarasi,tushum,3772326,
2025-11-28;Elektr;Ijara;4734514;
2025-11-28;Kofebreyk;???;~2896778;
2025-11-28,Elektr,Oylik,3690871,
2025.11.29;Suv;Ijara;4749102;???
2025.11.29	Bino ijarasi	Unknown	3 150 446	???
2025.11.29,O'qituvchi oyligi,???,3699079,
2025.11.29,Havo sovutgich,ijara,521372,
2025.11.29,B0nus,income,591491,
30/11/2025,Internet,Ijara,2794251,
30/11/2025,Bonus,tushum,782872,???
30/11/2025,O'qituvchi oyligi,rasxod,2257126,
30/11/2025,Kantselyariya,rasxod,4510130,
2025-11-28,Bino ijarasi,???,4.5 mln,???
30/11/2025;Bino ijarasi;expense;4319006;???
2025-12-01	Kofebreyk	kirim	4841297	
2025-12-01|O'qituvchi oyligi|Ijara|3430072|
2025-12-01;O'qituvchi oyligi;Ijara;5.0 mln;
2025-12-01|Mebel|Unknown|1926098|
2025-12-01;Kantselyariya;income;2366024;
2025.12.2	O'qituvchi 0yligi	chiqim	4986091	???
NOT_A_DATE,ERROR,CRASH,0,System failure message inserted here
2025-12-03,Bonus,1643206
2025-12-03|B0nus|Soliq|4468955|
2025-12-03|Internet|expense|1498067|
2025-12-03;Yangi parta;Unknown;4261396;
2025-12-03,Oylik to'lov,expense,4822233,???
2025-12-03|M@rketing|Soliq|1233041|???
2025-12-03;Havo sovutgich;???;3319678;
4-Dek-2025,Oylik to'lov,kirim,4837192,
4-Dek-2025,Suv,tushum,4.4 mln,Izoh,XatoUstun
4-Dek-2025	Elektr	Unknown	1578574	
4-Dek-2025|Bonus|Soliq|3756524|
4-Dek-2025|Bino ijarasi|chiqim|86018|???
4-Dek-2025;Shtraf;Soliq;2 703 743;???
5-Dek-2025,Ta'mirlash,Unknown,3.2 mln,???
5-Dek-2025,Mebel,???,4736037,
6-Dek-2025|Oylik to'lov|Unknown|UZS 171369|???
6-Dek-2025	Suv	???	4814556	
7-Dek-2025;Oylik to'lov;ijara;3109243;
7-Dek-2025,Reklama (FB),kirim,3794263,
7-Dek-2025|Oylik to'lov|Ijara|996231|???
7-Dek-2025	Yangi parta	rasxod	3039216	
7-Dek-2025,Reklama (FB),Oylik,3817050,
7-Dek-2025|Marketing|expense|803373|
2025-12-08,Shtraf,chiqim,4574525,???
2025.12.9,Suv,???,3395252,
2025.12.9,Reklama (FB),Oylik,2727607,???
2025.12.9|O'qituvchi oyligi|tushum|498337|Izoh|XatoUstun
2025.12.9,Internet,2909544
2025.12.9;Soliqlar;???;4587302;???
2025.12.9,Oylik to'lov,income,3303516,
2025.12.9	Internet	Oylik	2241885	
2025.12.10	Soliqlar	rasxod	1.4 mln	
2025.12.10,Bino ijarasi,tushum,418075,???
2025.12.11;Reklama (FB);tushum;~94852;
13-Dek-2025	Shtraf	expense	3446506	???
14-Dek-2025,K0febreyk,Unknown,4813179,
14-Dek-2025,Ta'mirlash,unknown,3220264,
14-Dek-2025,Elektr,soliq,4800452,???
23/3/2024	Y@ngi parta	chiqim	~1068640	
14-Dek-2025	Marketing	expense	170462	
15/12/2025,Mebel,Oylik,462912,
2025-12-17,Elektr,expense,~2636057,
2025-12-18;Suv;Unknown;2197516;???
24/7/2025,Ta'mirlash,Unknown,1520950,
2025-12-19|Bonus|kirim|UZS 2349778|
2025-12-19,Mebel,chiqim,UZS 2332390,
2025-12-19;Yangi parta;kirim;4.7 mln;
2025-12-19;Shtraf;Unknown;0.2 mln;???
2025-12-20;Mebel;Oylik;4207917;
2025-12-21,Oylik to'lov,???,1886486,
2025.12.22,Soliqlar,Ijara,2290041,
2025.12.22,O'qituvchi 0yligi,chiqim,2445006,???
2025.12.22,H@v0 sovutgich,tushum,202461,
2025.12.22,Soliqlar,expense,4104853,???
2025.12.22	Bonus	income	2513501	
2025.12.22,K0febreyk,555551
2025.12.22,Kantselyariya,expense,4095001,
2025-12-23	S0liql@r	rasxod	UZS 3619526	
2025-12-23,Suv,Ijara,~1346698,???
2025-12-23|Bino ijarasi|Oylik|3.0 mln|???
2025-12-23|K@ntselyariya|Ijara|1.0 mln|
2025-12-23,Mebel,rasxod,1090822,
2025-12-23,Shtraf,Unknown,4076228,
2025-12-23;Havo sovutgich;???;947 886;
24-Dek-2025,Reklama (FB),unknown,4008752,
24-Dek-2025,Soliqlar,Unknown,2417828,
24-Dek-2025	Marketing	Unknown	913153	???
24-Dek-2025	Bino ijarasi	rasxod	1900489	
24-Dek-2025;Elektr;rasxod;2030136;
24-Dek-2025,Oylik to'lov,Soliq,UZS 1137367,
2025.12.25	Bonus	chiqim	979033	???
2025.12.25	Elektr	kirim	1180671	
2025.12.25|Bino ijarasi|rasxod|3901435|???
2025.12.26,Reklama (FB),tushum,1074719,
2025.12.26|Suv|tushum|3344527|
27/12/2025,Kantselyariya,income,2285118,
27/12/2025|O'qituvchi 0yligi|Soliq|1763535|
27/12/2025,Bonus,rasxod,~4163803,
27/12/2025,Internet,Unknown,277276,
27/12/2025,Elektr,income,2277515,???
2025-12-28|Yangi parta|chiqim|3693160|
2025-12-28,Mebel,kirim,UZS 4236876,
2025-12-28,Ta'mirlash,Soliq,2360889,???
29/12/2025,Soliqlar,Ijara,336214,
29/12/2025,Marketing,Unknown,408189,
30-Dek-2025|Elektr|expense|514662|
30-Dek-2025;Bonus;rasxod;2004874;???
30-Dek-2025;Suv;kirim;2089504;
2024-04-22	Mebel	Ijara	3.3 mln	???
30-Dek-2025,Elektr,chiqim,1 738 692,
2024-12-08,Yangi parta,rasxod,3332350,???
31-Dek-2025,O'qituvchi oyligi,Ijara,1790372,
31-Dek-2025;Suv;oylik;1448471;???
31-Dek-2025|Elektr|rasxod|3203013|
31-Dek-2025;Suv;Oylik;994874;Izoh;XatoUstun
2026-01-01|Kantselyariya|chiqim|3531262|???
2026-01-01|Bino ijarasi|income|1536697|
2026-01-01,Elektr,kirim,564939,???
2026-01-01,Kantselyariya,kirim,3090520,
2026-01-01,Elektr,Soliq,3.6 mln,
2026-01-01	Mebel	expense	3867746	
2026-01-02|Havo sovutgich|income|3821196|
2026-01-02,Bonus,???,2165681,
2026-01-02,Yangi parta,Unknown,2998773,
2026-01-02;Suv;chiqim;724199;
2026-01-02;Mebel;Unknown;4685704;???
2026-01-02,T@'mirlash,income,130778,???
3/1/2026;Elektr;chiqim;~1289054;
3/1/2026,Elektr,chiqim,2106972,???
3/1/2026,Internet,income,3346647,
3/1/2026,Bonus,chiqim,786713,???
3/1/2026,Suv,kirim,708690,
3/1/2026,Ta'mirlash,tushum,1077943,???
2026.1.5,Havo sovutgich,Ijara,3038775,???
2026.1.5,Soliqlar,Soliq,1832767,Izoh,XatoUstun
2026.1.5,Elektr,Ijara,~3587972,
2026.1.5	Suv	Unknown	3682528	
2026.1.6;O'qituvchi oyligi;oylik;4584874;
2026.1.6,Kantselyariya,income,~3290074,???
2026.1.6|Oylik to'lov|Unknown|4223458|
2026.1.6,Bonus,Unknown,2530090,
2026.1.6,Elektr,income,2542025,
2026.1.6;Shtraf;Oylik;1601093;
2026-01-07;Marketing;Oylik;4410267;
2026-01-07,Elektr,Oylik,2928133,???
2026-01-07,Elektr,rasxod,3451327,
2026-01-07,Suv,rasxod,2352913,
2026.1.8,Bino ijarasi,???,4189622,
2026.1.8;Bonus;Ijara;3964008;
2026.1.8,B0nus,???,570681,
2026.1.8	Havo sovutgich	kirim	3387792	
11-Yan-2026	Elektr	Unknown	3356350	
11-Yan-2026,Reklama (FB),tushum,2427830,
11-Yan-2026,Bino ijarasi,Unknown,2676029,???
11-Yan-2026,Mebel,Ijara,1782299,
11-Yan-2026|Reklama (FB)|Oylik|431551|
11-Yan-2026,Elektr,Ijara,724908,
2026-01-12|H@v0 sovutgich|expense|4088222|???
2026-01-12|Bino ijarasi|chiqim|1034039|???
2026-01-12,Oylik to'lov,Soliq,1837553,
2026-01-12,Kofebreyk,rasxod,2733009,
13-Yan-2026	Shtraf	Unknown	3872605	
13-Yan-2026;Kantselyariya;???;UZS 3883335;???
13-Yan-2026,Soliqlar,expense,3674479,???
13-Yan-2026,Internet,chiqim,213 950,
13-Yan-2026,Bino ijarasi,soliq,4656936,???
14-Yan-2026;Havo sovutgich;chiqim;3265572;
14-Yan-2026;Yangi parta;expense;2465804;???
14-Yan-2026|O'qituvchi oyligi|Soliq|2557832|
14-Yan-2026,Mebel,tushum,4388240,???
14-Yan-2026,Soliqlar,3627421
15-Yan-2026,Reklama (FB),income,4823206,
15-Yan-2026|O'qituvchi oyligi|???|1749118|
15-Yan-2026,Havo sovutgich,tushum,3807667,???
2026-01-17;Oylik t0'lov;kirim;2459717;
2026-01-17	Oylik t0'lov	tushum	4342202	
2026-01-17	Yangi parta	income	3930606	
2026-01-17	Bonus	rasxod	144854	
2026-01-17,Soliqlar,expense,363471,Izoh,XatoUstun
2025-07-04,O'qituvchi 0yligi,Ijara,2034016,
2026-01-19	Ta'mirlash	income	3421820	
2026-01-19,Suv,Unknown,1068580,???
2026-01-19,Suv,???,2957407,???
2026-01-19|Bino ijarasi|Oylik|4047054|
2026-01-19;Bonus;Soliq;4723475;
2026-01-19,Internet,Ijara,1 126 970,
2026-01-20	Yangi parta	???	2 609 527	???
2026-01-20,Mebel,Unknown,2654978,
2026-01-20|Shtraf|income|2741456|
2026-01-20	Elektr	expense	3.2 mln	???
17/11/2025,Reklama (FB),Ijara,1114989,
2026-01-20	Reklama (FB)	Oylik	691554	
2026-01-20,Ta'mirlash,Unknown,2781506,
2026-01-21,Elektr,Ijara,3520493,Izoh,XatoUstun
2026-01-21;O'qituvchi oyligi;???;1166819;
2026-01-21	T@'mirlash	Soliq	~1137209	
2026-01-21	Oylik to'lov	chiqim	4217175	
NOT_A_DATE,ERROR,CRASH,0,System failure message inserted here